Date,ExchangeRate,KRX100,KORIBOR,LIBOR,달러지수 (종가),콜금리,KOSPI
2014.01.02,1.055,4.264,2.78,0.0956,80.79,2.51,1.967
2014.01.03,1.050,4.209,2.78,0.095,80.96,2.5,1.946
2014.01.06,1.054,4.221,2.77,0.0945,80.81,2.48,1.953
2014.01.07,1.062,4.233,2.75,0.0926,80.98,2.5,1.959
2014.01.08,1.067,4.232,2.75,0.0925,81.16,2.49,1.959
2014.01.09,1.066,4.199,2.74,0.0919,81.14,2.49,1.946
2014.01.10,1.064,4.175,2.73,0.0918,80.75,2.5,1.939
2014.01.13,1.062,4.197,2.74,0.0921,80.61,2.49,1.949
2014.01.14,1.056,4.189,2.74,0.0921,80.76,2.49,1.946
2014.01.15,1.058,4.207,2.74,0.09,81.14,2.49,1.953
2014.01.16,1.062,4.216,2.75,0.0896,81.02,2.49,1.957
2014.01.17,1.064,4.183,2.75,0.0886,81.36,2.49,1.944
2014.01.20,1.061,4.200,2.74,0,81.36,2.49,1.954
2014.01.21,1.063,4.225,2.74,0.0896,81.23,2.49,1.964
2014.01.22,1.064,4.238,2.75,0.0901,81.31,2.5,1.970
2014.01.23,1.068,4.189,2.75,0.0898,80.53,2.5,1.948
2014.01.24,1.071,4.168,2.74,0.0887,80.54,2.5,1.941
2014.01.27,1.077,4.098,2.75,0.0866,80.61,2.52,1.910
2014.01.28,1.084,4.121,2.76,0.0851,80.66,2.52,1.917
2014.01.29,1.079,4.175,2.75,0.0847,80.58,2.51,1.941
2014.02.03,1.071,4.121,2.75,0.0855,81.11,2.47,1.920
2014.02.04,1.082,4.044,2.75,0.085,81.22,2.48,1.887
2014.02.05,1.086,4.063,2.75,0.085,81.13,2.48,1.891
2014.02.06,1.079,4.102,2.75,0.085,81,2.49,1.908
2014.02.07,1.076,4.128,2.75,0.0856,80.76,2.49,1.923
2014.02.10,1.075,4.125,2.74,0.0856,80.73,2.49,1.923
2014.02.11,1.071,4.134,2.74,0.085,80.7,2.49,1.932
2014.02.12,1.072,4.143,2.74,0.0865,80.74,2.49,1.936
2014.02.13,1.064,4.124,2.74,0.086,80.38,2.49,1.927
2014.02.14,1.063,4.153,2.74,0.0856,80.18,2.49,1.940
2014.02.17,1.061,4.175,2.74,0,80.18,2.49,1.946
2014.02.18,1.060,4.174,2.75,0.084,80.05,2.49,1.947
2014.02.19,1.064,4.164,2.74,0.0861,80.19,2.49,1.943
2014.02.20,1.067,4.125,2.74,0.0865,80.32,2.49,1.931
2014.02.21,1.071,4.189,2.75,0.0865,80.27,2.49,1.958
2014.02.24,1.073,4.168,2.75,0.0874,80.23,2.49,1.949
2014.02.25,1.076,4.206,2.75,0.0876,80.17,2.49,1.965
2014.02.26,1.070,4.223,2.74,0.0882,80.46,2.47,1.971
2014.02.27,1.069,4.243,2.74,0.0887,80.31,2.48,1.978
2014.02.28,1.067,4.241,2.73,0.09,79.72,2.49,1.980
2014.03.03,1.066,4.213,2.73,0.0878,80.09,2.49,1.965
2014.03.04,1.071,4.185,2.74,0.0883,80.18,2.5,1.954
2014.03.05,1.072,4.223,2.75,0.0879,80.12,2.49,1.971
2014.03.06,1.070,4.229,2.75,0.0876,79.67,2.49,1.976
2014.03.07,1.067,4.218,2.75,0.0877,79.72,2.49,1.975
2014.03.10,1.062,4.173,2.74,0.0901,79.77,2.48,1.954
2014.03.11,1.065,4.188,2.74,0.0885,79.74,2.48,1.964
2014.03.12,1.064,4.118,2.74,0.0889,79.61,2.48,1.933
2014.03.13,1.069,4.116,2.74,0.0879,79.63,2.48,1.934
2014.03.14,1.067,4.085,2.73,0.0878,79.44,2.47,1.920
2014.03.17,1.072,4.109,2.72,0.0886,79.31,2.48,1.928
2014.03.18,1.069,4.135,2.73,0.0885,79.54,2.47,1.940
2014.03.19,1.067,4.129,2.73,0.089,80.13,2.46,1.938
2014.03.20,1.070,4.081,2.73,0.0885,80.35,2.46,1.920
2014.03.21,1.075,4.115,2.73,0.0905,80.26,2.45,1.935
2014.03.24,1.080,4.145,2.74,0.0903,80.08,2.46,1.946
2014.03.25,1.079,4.139,2.74,0.0904,80.09,2.48,1.941
2014.03.26,1.078,4.195,2.74,0.0903,80.17,2.48,1.964
2014.03.27,1.075,4.218,2.74,0.0908,80.25,2.48,1.978
2014.03.28,1.072,4.219,2.74,0.0899,80.34,2.48,1.981
2014.03.31,1.068,4.232,2.74,0.0855,80.25,2.49,1.986
2014.04.01,1.066,4.250,2.74,0.0884,80.25,2.48,1.992
2014.04.02,1.060,4.258,2.74,0.0874,80.37,2.48,1.997
2014.04.03,1.057,4.240,2.74,0.0881,80.64,2.48,1.994
2014.04.04,1.058,4.241,2.73,0.0884,80.57,2.48,1.988
2014.04.07,1.056,4.246,2.72,0.0865,80.36,2.49,1.990
2014.04.08,1.053,4.260,2.72,0.0885,79.84,2.51,1.993
2014.04.09,1.053,4.280,2.72,0.0886,79.55,2.5,1.999
2014.04.10,1.043,4.298,2.71,0.0885,79.45,2.48,2.009
2014.04.11,1.036,4.272,2.71,0.087,79.52,2.48,1.997
2014.04.14,1.037,4.269,2.72,0.087,79.81,2.48,1.997
2014.04.15,1.038,4.255,2.72,0.088,79.89,2.48,1.992
2014.04.16,1.041,4.251,2.72,0.0907,79.88,2.48,1.992
2014.04.17,1.041,4.251,2.72,0.0905,79.9,2.48,1.992
2014.04.18,1.037,4.285,2.73,0,0,2.48,2.004
2014.04.21,1.037,4.272,2.73,0,80.03,2.49,1.999
2014.04.22,1.037,4.284,2.73,0.0915,80,2.5,2.004
2014.04.23,1.039,4.272,2.74,0.0898,79.94,2.49,2.000
2014.04.24,1.039,4.266,2.75,0.0889,79.88,2.49,1.998
2014.04.25,1.038,4.200,2.75,0.0897,79.82,2.5,1.972
2014.04.28,1.038,4.191,2.74,0.0895,79.76,2.49,1.969
2014.04.29,1.037,4.181,2.75,0.0882,79.88,2.49,1.965
2014.04.30,1.031,4.178,2.75,0.0876,79.53,2.5,1.962
2014.05.02,1.032,4.173,2.74,0.0885,79.56,2.5,1.959
2014.05.07,1.031,4.125,2.73,0.0891,79.24,2.48,1.940
2014.05.08,1.025,4.152,2.73,0.0885,79.4,2.49,1.951
2014.05.09,1.023,4.163,2.73,0.0886,79.96,2.48,1.957
2014.05.12,1.023,4.175,2.73,0.0894,79.97,2.49,1.965
2014.05.13,1.025,4.216,2.72,0.0898,80.21,2.49,1.983
2014.05.14,1.022,4.288,2.72,0.0879,80.14,2.5,2.011
2014.05.15,1.024,4.291,2.72,0.0893,80.06,2.49,2.010
2014.05.16,1.026,4.296,2.72,0.0884,80.11,2.49,2.013
2014.05.19,1.025,4.297,2.72,0.0875,80.05,2.49,2.015
2014.05.20,1.022,4.288,2.72,0.0879,80.09,2.49,2.011
2014.05.21,1.024,4.277,2.72,0.088,80.15,2.49,2.008
2014.05.22,1.026,4.298,2.72,0.0883,80.31,2.49,2.016
2014.05.23,1.025,4.299,2.73,0.0877,80.45,2.49,2.017
2014.05.26,1.024,4.279,2.73,0,80.45,2.49,2.010
2014.05.27,1.023,4.248,2.73,0.0884,80.41,2.48,1.998
2014.05.28,1.023,4.287,2.72,0.0885,80.62,2.48,2.017
2014.05.29,1.022,4.270,2.72,0.0875,80.54,2.49,2.012
2014.05.30,1.021,4.228,2.72,0.0866,80.4,2.49,1.995
2014.06.02,1.020,4.253,2.72,0.089,80.69,2.48,2.002
2014.06.03,1.023,4.266,2.72,0.088,80.59,2.48,2.009
2014.06.05,1.024,4.240,2.72,0.0925,80.4,2.48,1.995
2014.06.09,1.022,4.241,2.72,0.0901,80.68,2.48,1.990
2014.06.10,1.017,4.287,2.72,0.0893,80.85,2.49,2.012
2014.06.11,1.016,4.292,2.71,0.0888,80.81,2.49,2.015
2014.06.12,1.016,4.283,2.71,0.0919,80.59,2.48,2.012
2014.06.13,1.017,4.237,2.71,0.0922,80.66,2.48,1.991
2014.06.16,1.018,4.249,2.69,0.0921,80.47,2.48,1.994
2014.06.17,1.019,4.267,2.68,0.094,80.72,2.47,2.002
2014.06.18,1.022,4.237,2.68,0.096,80.67,2.48,1.989
2014.06.19,1.023,4.247,2.68,0.095,80.4,2.48,1.992
2014.06.20,1.018,4.189,2.68,0.0955,80.44,2.48,1.968
2014.06.23,1.019,4.213,2.67,0.0953,80.34,2.48,1.975
2014.06.24,1.018,4.261,2.67,0.096,80.39,2.48,1.994
2014.06.25,1.018,4.239,2.67,0.0955,80.27,2.49,1.982
2014.06.26,1.020,4.270,2.68,0.0962,80.28,2.49,1.995
2014.06.27,1.017,4.251,2.68,0.0966,80.09,2.48,1.989
2014.06.30,1.014,4.278,2.68,0.0936,79.81,2.49,2.002
2014.07.01,1.012,4.268,2.67,0.095,79.85,2.48,1.999
2014.07.02,1.011,4.301,2.66,0.0959,79.99,2.48,2.015
2014.07.03,1.009,4.281,2.64,0.0954,80.28,2.48,2.011
2014.07.04,1.009,4.275,2.63,0,80.28,2.48,2.010
2014.07.07,1.008,4.270,2.62,0.0945,80.27,2.48,2.005
2014.07.08,1.009,4.265,2.62,0.0941,80.22,2.48,2.007
2014.07.09,1.011,4.241,2.62,0.0942,80.04,2.5,2.001
2014.07.10,1.012,4.248,2.61,0.094,80.17,2.48,2.003
2014.07.11,1.011,4.207,2.6,0.0939,80.23,2.48,1.989
2014.07.14,1.018,4.214,2.6,0.0934,80.23,2.48,1.994
2014.07.15,1.018,4.265,2.6,0.0942,80.45,2.48,2.013
2014.07.16,1.023,4.273,2.59,0.0924,80.63,2.48,2.013
2014.07.17,1.032,4.287,2.57,0.0925,80.57,2.49,2.021
2014.07.18,1.029,4.278,2.55,0.093,80.6,2.48,2.019
2014.07.21,1.031,4.272,2.53,0.0915,80.63,2.48,2.019
2014.07.22,1.027,4.294,2.53,0.0925,80.87,2.48,2.029
2014.07.23,1.024,4.290,2.52,0.092,80.92,2.49,2.028
2014.07.24,1.022,4.289,2.52,0.0913,80.96,2.49,2.027
2014.07.25,1.028,4.303,2.51,0.0915,81.13,2.49,2.034
2014.07.28,1.029,4.344,2.51,0.0907,81.12,2.5,2.049
2014.07.29,1.025,4.385,2.5,0.0911,81.32,2.5,2.062
2014.07.30,1.024,4.443,2.5,0.091,81.52,2.5,2.083
2014.07.31,1.024,4.425,2.5,0.0865,81.52,2.49,2.076
2014.08.01,1.026,4.419,2.5,0.0899,81.38,2.48,2.073
2014.08.04,1.033,4.432,2.5,0.0905,81.41,2.48,2.080
2014.08.05,1.031,4.398,2.49,0.0899,81.61,2.48,2.066
2014.08.06,1.030,4.383,2.49,0.0899,81.51,2.49,2.061
2014.08.07,1.034,4.370,2.49,0.0895,81.61,2.49,2.055
2014.08.08,1.034,4.316,2.48,0.0895,81.45,2.49,2.031
2014.08.11,1.037,4.333,2.48,0.0902,81.54,2.49,2.039
2014.08.12,1.030,4.335,2.47,0.0901,81.56,2.49,2.041
2014.08.13,1.028,4.381,2.48,0.0903,81.66,2.49,2.062
2014.08.14,1.028,4.381,2.41,0.0911,81.65,2.24,2.063
2014.08.18,1.024,4.353,2.4,0.0914,81.63,2.24,2.053
2014.08.19,1.017,4.394,2.41,0.0919,81.94,2.24,2.071
2014.08.20,1.018,4.397,2.41,0.0911,82.28,2.23,2.073
2014.08.21,1.020,4.326,2.41,0.092,82.21,2.23,2.044
2014.08.22,1.023,4.354,2.41,0.0919,82.38,2.23,2.057
2014.08.25,1.019,4.361,2.41,0,82.59,2.24,2.061
2014.08.26,1.020,4.375,2.41,0.092,82.68,2.23,2.068
2014.08.27,1.018,4.386,2.41,0.092,82.45,2.23,2.075
2014.08.28,1.014,4.390,2.41,0.0915,82.52,2.23,2.076
2014.08.29,1.013,4.382,2.41,0.0895,82.78,2.24,2.069
2014.09.01,1.014,4.383,2.41,0,82.78,2.23,2.068
2014.09.02,1.014,4.343,2.4,0.0905,83.01,2.23,2.052
2014.09.03,1.015,4.341,2.39,0.0905,82.89,2.24,2.051
2014.09.04,1.018,4.355,2.41,0.091,83.83,2.25,2.056
2014.09.05,1.018,4.332,2.41,0.091,83.76,2.25,2.049
2014.09.11,1.024,4.294,2.39,0.0906,84.3,2.23,2.034
2014.09.12,1.034,4.323,2.4,0.091,84.24,2.23,2.042
2014.09.15,1.038,4.304,2.37,0.091,84.25,2.23,2.036
2014.09.16,1.038,4.315,2.36,0.091,84.23,2.23,2.043
2014.09.17,1.035,4.356,2.34,0.091,84.49,2.23,2.063
2014.09.18,1.033,4.318,2.32,0.0907,84.43,2.23,2.048
2014.09.19,1.041,4.325,2.32,0.0912,84.87,2.23,2.054
2014.09.22,1.044,4.294,2.31,0.0903,84.86,2.23,2.039
2014.09.23,1.040,4.270,2.3,0.0909,84.78,2.23,2.029
2014.09.24,1.042,4.276,2.29,0.0908,85.16,2.24,2.036
2014.09.25,1.039,4.265,2.29,0.0908,85.3,2.24,2.034
2014.09.26,1.042,4.256,2.29,0.0905,85.77,2.23,2.032
2014.09.29,1.042,4.249,2.3,0.0905,85.72,2.24,2.027
2014.09.30,1.050,4.233,2.3,0.0808,86.05,2.24,2.020
2014.10.01,1.054,4.171,2.29,0.0908,86.08,2.24,1.992
2014.10.02,1.062,4.121,2.27,0.0895,85.69,2.23,1.976
2014.10.06,1.061,4.100,2.26,0.0905,86.04,2.23,1.968
2014.10.07,1.069,4.108,2.26,0.0902,85.78,2.23,1.973
2014.10.08,1.066,4.086,2.26,0.09,85.41,2.23,1.965
2014.10.10,1.072,4.035,2.26,0.0905,86.03,2.23,1.941
2014.10.13,1.071,4.025,2.26,0,85.73,2.23,1.927
2014.10.14,1.069,4.026,2.26,0.091,85.94,2.23,1.929
2014.10.15,1.063,4.014,2.2,0.092,85.24,1.99,1.926
2014.10.16,1.065,4.000,2.2,0.0913,85.04,1.98,1.919
2014.10.17,1.059,3.958,2.19,0.091,85.21,1.98,1.901
2014.10.20,1.062,4.026,2.19,0.0915,85.04,1.98,1.930
2014.10.21,1.060,3.989,2.19,0.091,85.4,1.98,1.915
2014.10.22,1.054,4.025,2.18,0.0915,85.85,1.98,1.937
2014.10.23,1.053,4.010,2.19,0.0905,85.95,1.99,1.932
2014.10.24,1.055,3.995,2.18,0.0905,85.82,1.98,1.926
2014.10.27,1.059,4.020,2.18,0.09,85.56,1.98,1.932
2014.10.28,1.052,4.011,2.18,0.0905,85.47,1.98,1.926
2014.10.29,1.050,4.097,2.17,0.0915,86.04,1.98,1.961
2014.10.30,1.047,4.091,2.17,0.0911,86.23,1.98,1.959
2014.10.31,1.054,4.105,2.16,0.088,87.02,1.97,1.964
2014.11.03,1.058,4.071,2.14,0.0925,87.41,1.98,1.953
2014.11.04,1.075,4.036,2.13,0.0925,87.09,1.96,1.935
2014.11.05,1.079,4.025,2.11,0.0925,87.57,1.97,1.931
2014.11.06,1.078,4.050,2.1,0.0935,88.13,1.98,1.936
2014.11.07,1.089,4.049,2.1,0.094,87.73,1.98,1.940
2014.11.10,1.092,4.093,2.09,0.094,87.91,1.98,1.958
2014.11.11,1.085,4.097,2.1,0,87.72,1.98,1.963
2014.11.12,1.089,4.112,2.11,0.0945,87.91,1.98,1.967
2014.11.13,1.098,4.100,2.12,0.0939,87.75,1.98,1.961
2014.11.14,1.097,4.066,2.12,0.094,87.59,1.98,1.945
2014.11.17,1.099,4.065,2.13,0.0945,88.01,1.98,1.944
2014.11.18,1.097,4.101,2.13,0.0964,87.65,1.98,1.967
2014.11.19,1.098,4.095,2.12,0.0985,87.71,1.98,1.967
2014.11.20,1.104,4.072,2.13,0.0994,87.67,1.98,1.958
2014.11.21,1.113,4.084,2.13,0.1015,88.41,1.98,1.965
2014.11.24,1.110,4.131,2.13,0.1015,88.21,1.98,1.979
2014.11.25,1.112,4.129,2.12,0.1025,87.96,1.99,1.980
2014.11.26,1.112,4.133,2.12,0.102,87.65,1.98,1.981
2014.11.27,1.107,4.140,2.12,0,87.65,1.99,1.982
2014.11.28,1.101,4.142,2.13,0.0977,88.41,1.99,1.981
2014.12.01,1.105,4.103,2.12,0.1017,87.98,1.99,1.965
2014.12.02,1.116,4.099,2.11,0.1067,88.7,1.98,1.966
2014.12.03,1.106,4.101,2.12,0.1095,88.99,1.98,1.970
2014.12.04,1.114,4.143,2.13,0.111,88.74,1.98,1.987
2014.12.05,1.115,4.146,2.15,0.111,89.36,1.98,1.987
2014.12.08,1.113,4.128,2.16,0.111,89.05,1.99,1.979
2014.12.09,1.118,4.111,2.18,0.11,88.69,2.01,1.971
2014.12.10,1.112,4.049,2.17,0.112,88.29,1.99,1.946
2014.12.11,1.104,3.984,2.18,0.1125,88.68,1.98,1.917
2014.12.12,1.098,4.004,2.17,0.1104,88.35,1.98,1.922
2014.12.15,1.103,4.006,2.16,0.1105,88.57,2,1.920
2014.12.16,1.103,3.973,2.17,0.11,88.3,1.99,1.904
2014.12.17,1.092,3.960,2.18,0.1108,89.33,1.98,1.900
2014.12.18,1.088,3.962,2.19,0.1117,89.48,1.98,1.898
2014.12.19,1.103,4.021,2.2,0.114,89.84,1.98,1.930
2014.12.22,1.101,4.046,2.19,0.1142,89.95,1.99,1.943
2014.12.23,1.097,4.034,2.2,0.1141,90.33,1.99,1.939
2014.12.24,1.100,4.050,2.2,0.1151,90.22,1.99,1.947
2014.12.26,1.104,4.047,2.19,0,90.31,1.99,1.948
2014.12.29,1.099,3.984,2.2,0.1161,90.5,1.99,1.928
2014.12.30,1.098,3.943,2.19,0.1146,90.28,2.01,1.916
2014.12.31,1.099,3.943,2.18,0.0852,90.65,2.03,.
2015.01.02,1.099,3.964,2.17,0.1126,91.38,2.01,1.926
2015.01.05,1.102,3.952,2.16,0.1164,91.62,2,1.916
2015.01.06,1.108,3.884,2.15,0.1187,91.74,1.98,1.882
2015.01.07,1.103,3.891,2.13,0.1189,92.12,1.99,1.884
2015.01.08,1.099,3.952,2.12,0.1191,92.6,1.99,1.905
2015.01.09,1.098,3.991,2.11,0.1191,92.15,1.98,1.925
2015.01.12,1.092,3.978,2.1,0.1165,92.18,1.99,1.921
2015.01.13,1.083,3.982,2.07,0.1167,92.5,1.99,1.917
2015.01.14,1.081,3.972,2.06,0.1196,92.35,1.99,1.914
2015.01.15,1.079,3.973,2.04,0.1201,92.61,1.99,1.914
2015.01.16,1.084,3.911,2.05,0.1201,92.89,1.98,1.888
2015.01.19,1.077,3.945,2.04,0,92.89,1.98,1.903
2015.01.20,1.079,3.983,2.04,0.1208,93.35,1.98,1.918
2015.01.21,1.084,4.000,2.03,0.1214,93.14,1.98,1.921
2015.01.22,1.086,4.003,2.03,0.1214,94.36,1.99,1.921
2015.01.23,1.085,4.038,2.03,0.1199,95.05,1.99,1.936
2015.01.26,1.084,4.033,2.03,0.1199,95.12,1.99,1.936
2015.01.27,1.079,4.064,2.03,0.1196,94.25,1.99,1.952
2015.01.28,1.082,4.069,2.04,0.1177,94.73,1.99,1.962
2015.01.29,1.082,4.042,2.04,0.1194,95.01,1.99,1.951
2015.01.30,1.090,4.022,2.04,0.115,95,2,1.949
2015.02.02,1.095,4.038,2.03,0.116,94.73,1.99,1.953
2015.02.03,1.101,4.033,2.03,0.1175,93.72,1.99,1.952
2015.02.04,1.098,4.055,2.03,0.118,94.17,1.99,1.963
2015.02.05,1.089,4.020,2.02,0.118,93.73,1.98,1.953
2015.02.06,1.089,4.025,2.02,0.1175,94.85,1.99,1.956
2015.02.09,1.088,4.000,2.02,0.117,94.58,1.98,1.947
2015.02.10,1.097,3.978,2.02,0.116,94.85,2,1.936
2015.02.11,1.090,3.999,2.04,0.118,95.09,1.99,1.946
2015.02.12,1.096,3.989,2.04,0.1195,94.2,1.98,1.942
2015.02.13,1.107,4.023,2.05,0.1175,94.28,1.98,1.958
2015.02.16,1.098,4.024,2.05,0,94.28,1.99,1.958
2015.02.17,1.098,4.033,2.06,0.1175,94.15,1.98,1.961
2015.02.23,1.101,4.046,2.06,0.119,94.66,1.98,1.968
2015.02.24,1.109,4.052,2.06,0.119,94.56,1.98,1.976
2015.02.25,1.108,4.076,2.06,0.118,94.24,1.98,1.990
2015.02.26,1.102,4.072,2.06,0.118,95.34,1.98,1.993
2015.02.27,1.099,4.051,2.06,0.116,95.32,1.99,1.986
2015.03.02,1.099,4.068,2.05,0.1192,95.48,1.98,1.997
2015.03.03,1.102,4.091,2.04,0.1215,95.41,1.98,2.001
2015.03.04,1.100,4.084,2.03,0.1215,95.99,1.98,1.998
2015.03.05,1.096,4.083,2.03,0.1215,96.39,1.98,1.998
2015.03.06,1.100,4.112,2.02,0.1215,97.6,1.98,2.013
2015.03.09,1.099,4.062,2.01,0.1215,97.58,1.98,1.993
2015.03.10,1.110,4.041,2,0.122,98.62,1.99,1.985
2015.03.11,1.119,4.034,1.99,0.122,99.79,1.98,1.981
2015.03.12,1.126,4.008,1.91,0.1225,99.41,1.74,1.971
2015.03.13,1.130,4.038,1.89,0.123,100.31,1.73,1.986
2015.03.16,1.125,4.036,1.86,0.123,99.48,1.73,1.987
2015.03.17,1.133,4.127,1.86,0.1225,99.95,1.74,2.030
2015.03.18,1.130,4.122,1.85,0.122,98.78,1.74,2.028
2015.03.19,1.126,4.144,1.83,0.122,99.58,1.74,2.038
2015.03.20,1.114,4.135,1.83,0.122,98.17,1.74,2.037
2015.03.23,1.121,4.140,1.82,0.1225,97.3,1.73,2.037
2015.03.24,1.115,4.136,1.82,0.122,97.45,1.74,2.041
2015.03.25,1.107,4.132,1.82,0.1215,97.2,1.74,2.043
2015.03.26,1.102,4.098,1.81,0.121,97.68,1.74,2.023
2015.03.27,1.104,4.087,1.81,0.121,97.52,1.74,2.020
2015.03.30,1.104,4.091,1.81,0.12,98.28,1.74,2.030
2015.03.31,1.105,4.108,1.8,0.114,98.66,1.74,2.041
2015.04.01,1.109,4.069,1.78,0.1225,98.48,1.74,2.028
2015.04.02,1.103,4.062,1.77,0.1215,97.67,1.73,2.029
2015.04.03,1.098,4.094,1.76,0,96.8,1.72,2.045
2015.04.06,1.094,4.082,1.75,0,96.96,1.72,2.046
2015.04.07,1.086,4.087,1.75,0.122,98.06,1.72,2.047
2015.04.08,1.089,4.110,1.75,0.121,98.13,1.73,2.059
2015.04.09,1.093,4.103,1.74,0.121,99.4,1.73,2.059
2015.04.10,1.093,4.166,1.74,0.122,99.6,1.74,2.088
2015.04.13,1.094,4.196,1.74,0.122,99.77,1.73,2.099
2015.04.14,1.096,4.246,1.74,0.122,98.94,1.73,2.112
2015.04.15,1.096,4.252,1.73,0.122,98.53,1.73,2.120
2015.04.16,1.096,4.286,1.73,0.122,97.61,1.73,2.140
2015.04.17,1.089,4.292,1.73,0.122,97.71,1.73,2.144
2015.04.20,1.085,4.298,1.73,0.122,98.16,1.73,2.147
2015.04.21,1.082,4.288,1.73,0.1225,98.21,1.73,2.145
2015.04.22,1.083,4.292,1.73,0.122,98.14,1.73,2.144
2015.04.23,1.081,4.365,1.73,0.1225,97.45,1.73,2.173
2015.04.24,1.083,4.355,1.73,0.1225,97.1,1.74,2.160
2015.04.27,1.079,4.335,1.75,0.1225,96.94,1.74,2.158
2015.04.28,1.074,4.317,1.75,0.123,96.19,1.74,2.148
2015.04.29,1.070,4.301,1.78,0.123,95.32,1.74,2.143
2015.04.30,1.068,4.270,1.79,0.12,94.71,1.74,2.127
2015.05.04,1.069,4.295,1.79,0,95.64,1.74,2.132
2015.05.06,1.080,4.249,1.8,0.123,94.18,1.73,2.105
2015.05.07,1.081,4.218,1.82,0.123,94.75,1.73,2.091
2015.05.08,1.086,4.191,1.82,0.123,94.9,1.73,2.086
2015.05.11,1.091,4.196,1.8,0.123,95.1,1.73,2.097
2015.05.12,1.089,4.196,1.8,0.123,94.61,1.73,2.097
2015.05.13,1.096,4.228,1.8,0.123,93.64,1.74,2.114
2015.05.14,1.094,4.232,1.78,0.123,93.51,1.73,2.120
2015.05.15,1.093,4.191,1.78,0.124,93.18,1.74,2.107
2015.05.18,1.089,4.202,1.78,0.124,94.27,1.74,2.114
2015.05.19,1.085,4.210,1.79,0.124,95.36,1.74,2.121
2015.05.20,1.090,4.245,1.79,0.124,95.51,1.74,2.140
2015.05.21,1.095,4.196,1.79,0.124,95.33,1.74,2.123
2015.05.22,1.094,4.255,1.79,0.124,96.11,1.74,2.146
2015.05.26,1.090,4.242,1.8,0.123,97.41,1.74,2.144
2015.05.27,1.098,4.165,1.79,0.123,97.47,1.74,2.108
2015.05.28,1.107,4.162,1.78,0.123,97.06,1.74,2.111
2015.05.29,1.108,4.174,1.77,0.121,96.99,1.74,2.115
2015.06.01,1.107,4.147,1.76,0.123,97.47,1.74,2.102
2015.06.02,1.111,4.096,1.74,0.1235,95.88,1.73,2.079
2015.06.03,1.114,4.067,1.74,0.123,95.51,1.73,2.063
2015.06.04,1.106,4.073,1.73,0.123,95.49,1.73,2.073
2015.06.05,1.109,4.066,1.73,0.123,96.36,1.73,2.068
2015.06.08,1.112,4.062,1.73,0.123,95.32,1.72,2.065
2015.06.09,1.121,4.053,1.71,0.123,95.17,1.73,2.064
2015.06.10,1.119,4.036,1.71,0.123,94.65,1.74,2.051
2015.06.11,1.117,4.034,1.67,0.123,94.98,1.49,2.057
2015.06.12,1.110,4.017,1.67,0.123,94.99,1.48,2.052
2015.06.15,1.111,4.000,1.66,0.1235,95.13,1.49,2.042
2015.06.16,1.116,3.969,1.66,0.1235,95.26,1.48,2.029
2015.06.17,1.117,3.984,1.66,0.123,94.49,1.49,2.035
2015.06.18,1.117,3.983,1.66,0.1235,94.24,1.49,2.042
2015.06.19,1.109,3.983,1.66,0.1245,94.27,1.49,2.047
2015.06.22,1.104,4.001,1.66,0.1245,94.52,1.49,2.055
2015.06.23,1.099,4.049,1.67,0.124,95.65,1.49,2.081
2015.06.24,1.104,4.062,1.68,0.1235,95.42,1.5,2.086
2015.06.25,1.108,4.043,1.68,0.1245,95.39,1.5,2.085
2015.06.26,1.109,4.054,1.68,0.124,95.65,1.5,2.090
2015.06.29,1.115,4.010,1.68,0.1236,94.95,1.49,2.060
2015.06.30,1.124,4.030,1.67,0.112,95.66,1.5,2.074
2015.07.01,1.118,4.065,1.67,0.123,96.51,1.49,2.098
2015.07.02,1.118,4.066,1.67,0.125,96.29,1.48,2.107
2015.07.03,1.123,4.054,1.67,0.1255,96.29,1.48,2.104
2015.07.06,1.120,3.953,1.66,0.1255,96.48,1.48,2.054
2015.07.07,1.126,3.951,1.65,0.126,97.08,1.5,2.040
2015.07.08,1.129,3.898,1.65,0.1255,96.47,1.48,2.016
2015.07.09,1.135,3.917,1.64,0.1255,96.79,1.48,2.028
2015.07.10,1.136,3.915,1.64,0.1265,96.17,1.48,2.031
2015.07.13,1.130,3.965,1.64,0.128,97,1.48,2.062
2015.07.14,1.131,3.951,1.64,0.128,96.78,1.49,2.059
2015.07.15,1.139,3.963,1.64,0.128,97.28,1.48,2.073
2015.07.16,1.141,3.990,1.64,0.128,97.81,1.48,2.088
2015.07.17,1.148,3.960,1.64,0.128,97.99,1.48,2.077
2015.07.20,1.146,3.947,1.64,0.1275,98.16,1.47,2.073
2015.07.21,1.151,3.971,1.64,0.1275,97.43,1.47,2.084
2015.07.22,1.158,3.937,1.64,0.1285,97.72,1.47,2.065
2015.07.23,1.152,3.941,1.63,0.1265,97.23,1.48,2.065
2015.07.24,1.162,3.904,1.62,0.1265,97.35,1.49,2.046
2015.07.27,1.164,3.913,1.61,0.126,96.61,1.49,2.039
2015.07.28,1.168,3.919,1.61,0.126,96.86,1.49,2.039
2015.07.29,1.166,3.926,1.62,0.126,97.08,1.49,2.038
2015.07.30,1.157,3.900,1.62,0.1265,97.69,1.49,2.019
2015.07.31,1.166,3.920,1.62,0.1214,97.44,1.5,2.030
2015.08.03,1.169,3.874,1.63,0.1265,97.62,1.48,2.008
2015.08.04,1.165,3.911,1.62,0.1265,98.02,1.49,2.028
2015.08.05,1.169,3.905,1.62,0.1265,98.04,1.48,2.030
2015.08.06,1.172,3.859,1.63,0.126,97.91,1.49,2.013
2015.08.07,1.170,3.851,1.63,0.126,97.62,1.49,2.010
2015.08.10,1.164,3.847,1.63,0.1265,97.2,1.49,2.003
2015.08.11,1.165,3.822,1.62,0.1275,97.34,1.49,1.987
2015.08.12,1.170,3.817,1.62,0.128,96.3,1.49,1.975
2015.08.13,1.190,3.814,1.61,0.1285,96.46,1.49,1.983
2015.08.17,1.174,3.792,1.61,0.1325,96.82,1.49,1.969
2015.08.18,1.182,3.787,1.61,0.1325,97.07,1.49,1.956
2015.08.19,1.184,3.770,1.61,0.133,96.37,1.49,1.939
2015.08.20,1.185,3.730,1.62,0.133,96,1.49,1.915
2015.08.21,1.185,3.663,1.62,0.133,95.01,1.49,1.876
2015.08.24,1.192,3.565,1.62,0.133,93.36,1.5,1.830
2015.08.25,1.198,3.593,1.62,0.1325,94.54,1.5,1.847
2015.08.26,1.194,3.672,1.63,0.133,95.13,1.5,1.894
2015.08.27,1.188,3.697,1.64,0.1335,95.65,1.5,1.908
2015.08.28,1.184,3.753,1.64,0.1335,96.14,1.51,1.938
2015.08.31,1.176,3.761,1.65,0,95.85,1.52,1.941
2015.09.01,1.183,3.703,1.65,0.132,95.45,1.49,1.914
2015.09.02,1.175,3.710,1.65,0.133,95.84,1.48,1.915
2015.09.03,1.178,3.706,1.64,0.1355,96.42,1.47,1.916
2015.09.04,1.187,3.663,1.63,0.1355,96.24,1.45,1.886
2015.09.07,1.191,3.656,1.62,0,96.24,1.47,1.883
2015.09.08,1.202,3.660,1.61,0.1355,95.99,1.49,1.879
2015.09.09,1.203,3.771,1.61,0.135,96.01,1.48,1.934
2015.09.10,1.192,3.815,1.61,0.1345,95.44,1.49,1.962
2015.09.11,1.195,3.759,1.61,0.1355,95.19,1.49,1.941
2015.09.14,1.183,3.748,1.61,0.136,95.36,1.49,1.931
2015.09.15,1.181,3.755,1.61,0.1365,95.79,1.49,1.938
2015.09.16,1.182,3.836,1.61,0.1365,95.55,1.48,1.975
2015.09.17,1.179,3.842,1.61,0.1375,94.68,1.48,1.976
2015.09.18,1.169,3.861,1.61,0.1375,95,1.48,1.996
2015.09.21,1.166,3.799,1.61,0.1355,96.03,1.48,1.965
2015.09.22,1.173,3.833,1.61,0.1355,96.45,1.48,1.982
2015.09.23,1.177,3.761,1.61,0.136,96.21,1.48,1.945
2015.09.24,1.187,3.764,1.61,0.136,96.15,1.49,1.947
2015.09.25,1.191,3.757,1.61,0.1345,96.43,1.47,1.943
2015.09.30,1.194,3.809,1.61,0.1325,96.48,1.49,1.963
2015.10.01,1.190,3.839,1.61,0.1325,96.33,1.47,1.979
2015.10.02,1.179,3.823,1.6,0.1325,95.97,1.46,1.970
2015.10.05,1.180,3.837,1.6,0.132,96.24,1.47,1.978
2015.10.06,1.172,3.866,1.6,0.1315,95.56,1.5,1.991
2015.10.07,1.164,3.898,1.6,0.131,95.58,1.49,2.006
2015.10.08,1.165,3.931,1.6,0,95.41,1.48,2.020
2015.10.12,1.159,3.936,1.6,0.132,94.77,1.48,2.022
2015.10.13,1.147,3.933,1.6,0.132,94.79,1.48,2.019
2015.10.14,1.147,3.919,1.6,0.1325,93.96,1.48,2.010
2015.10.15,1.150,3.963,1.6,0.132,94.43,1.48,2.033
2015.10.16,1.133,3.958,1.6,0.1315,94.59,1.49,2.030
2015.10.19,1.128,3.965,1.61,0.132,94.95,1.49,2.030
2015.10.20,1.125,3.984,1.61,0.132,94.94,1.49,2.039
2015.10.21,1.130,3.994,1.61,0.132,95.07,1.49,2.043
2015.10.22,1.131,3.961,1.62,0.1315,96.45,1.49,2.023
2015.10.23,1.138,4.000,1.62,0.1315,0,1.49,2.040
2015.10.26,1.127,4.019,1.63,0.1315,96.96,1.48,2.048
2015.10.27,1.134,4.011,1.63,0.132,96.99,1.48,2.045
2015.10.28,1.131,4.008,1.63,0.132,97.86,1.48,2.043
2015.10.29,1.132,3.988,1.63,0.1248,97.36,1.48,2.034
2015.10.30,1.142,3.988,1.64,0.131,97.02,1.5,2.029
2015.11.02,1.138,4.012,1.64,0.131,97,1.5,2.035
2015.11.03,1.140,4.046,1.65,0.131,97.24,1.5,2.048
2015.11.04,1.133,4.056,1.65,0.131,98.03,1.5,2.053
2015.11.05,1.129,4.045,1.65,0.131,98.05,1.49,2.049
2015.11.06,1.137,4.021,1.65,0.131,99.26,1.49,2.041
2015.11.09,1.138,4.011,1.67,0.131,99.08,1.5,2.026
2015.11.10,1.154,3.960,1.69,0,99.39,1.49,1.997
2015.11.11,1.158,3.957,1.69,0.1305,99.16,1.49,1.997
2015.11.12,1.154,3.952,1.7,0.131,98.71,1.5,1.993
2015.11.13,1.154,3.914,1.7,0.131,99.1,1.49,1.973
2015.11.16,1.161,3.855,1.7,0.131,99.54,1.49,1.943
2015.11.17,1.172,3.893,1.7,0.131,99.7,1.49,1.964
2015.11.18,1.169,3.901,1.7,0.13,99.75,1.49,1.963
2015.11.19,1.173,3.953,1.71,0.131,99.06,1.49,1.989
2015.11.20,1.164,3.949,1.71,0.1305,99.62,1.49,1.990
2015.11.23,1.156,3.971,1.74,0.1305,99.86,1.49,2.004
2015.11.24,1.157,3.993,1.75,0.1305,99.59,1.49,2.016
2015.11.25,1.155,3.974,1.76,0,99.83,1.5,2.009
2015.11.26,1.145,4.013,1.79,0.1305,99.83,1.49,2.031
2015.11.27,1.145,4.010,1.82,0.128,100.07,1.49,2.029
2015.11.30,1.150,3.938,1.84,0.1305,100.21,1.5,1.992
2015.12.01,1.157,4.007,1.85,0.1305,99.84,1.48,2.024
2015.12.02,1.158,3.975,1.83,0.1305,100.02,1.44,2.009
2015.12.03,1.159,3.944,1.8,0.1305,97.63,1.45,1.994
2015.12.04,1.167,3.905,1.77,0.13,98.34,1.4,1.974
2015.12.07,1.156,3.881,1.76,0.1295,98.67,1.44,1.964
2015.12.08,1.166,3.855,1.75,0.1295,98.47,1.46,1.949
2015.12.09,1.176,3.856,1.74,0.1315,97.33,1.46,1.948
2015.12.10,1.178,3.873,1.74,0.1335,97.96,1.48,1.952
2015.12.11,1.177,3.868,1.74,0.135,97.55,1.48,1.949
2015.12.14,1.179,3.838,1.74,0.1355,97.47,1.48,1.928
2015.12.15,1.186,3.848,1.74,0.1518,98.29,1.46,1.933
2015.12.16,1.182,3.921,1.74,0.3614,97.88,1.46,1.969
2015.12.17,1.178,3.934,1.75,0.3658,99.32,1.46,1.978
2015.12.18,1.178,3.915,1.75,0.3672,98.73,1.48,1.975
2015.12.21,1.184,3.925,1.74,0.3674,98.37,1.48,1.981
2015.12.22,1.178,3.957,1.74,0.3673,98.24,1.48,1.993
2015.12.23,1.176,3.972,1.74,0.3671,98.37,1.49,1.999
2015.12.24,1.171,3.952,1.74,0,98.02,1.49,1.991
2015.12.28,1.171,3.892,1.75,0.366,97.95,1.49,1.964
2015.12.29,1.165,3.888,1.75,0.3661,98.17,1.49,1.966
2015.12.30,1.167,3.872,1.74,0.2745,98.35,1.49,1.961
2015.12.31,1.172,0.000,1.74,0.3658,98.75,1.52,n.ll
2016.01.04,1.172,3.792,1.73,0.365,98.97,1.48,1.919
2016.01.05,1.184,3.819,1.7,0.3661,99.5,1.49,1.931
2016.01.06,1.187,3.797,1.69,0.3651,99.27,1.49,1.925
2016.01.07,1.193,3.754,1.68,0.3662,98.27,1.49,1.904
2016.01.08,1.199,3.783,1.68,0.3661,98.6,1.49,1.918
2016.01.11,1.196,3.739,1.67,0.3661,98.78,1.49,1.895
2016.01.12,1.208,3.739,1.66,0.3663,99.02,1.5,1.891
2016.01.13,1.208,3.791,1.66,0.3661,98.98,1.5,1.916
2016.01.14,1.206,3.761,1.66,0.3661,99.16,1.49,1.900
2016.01.15,1.212,3.714,1.66,0,99.02,1.5,1.879
2016.01.18,1.211,3.719,1.65,0.366,99.02,1.5,1.878
2016.01.19,1.212,3.734,1.65,0.3655,99.04,1.48,1.890
2016.01.20,1.209,3.649,1.65,0.3658,99.17,1.49,1.845
2016.01.21,1.211,3.633,1.64,0.3659,99.13,1.49,1.841
2016.01.22,1.209,3.709,1.64,0.366,99.65,1.48,1.879
2016.01.25,1.203,3.734,1.64,0.3657,99.41,1.48,1.893
2016.01.26,1.194,3.689,1.64,0.3659,99.13,1.48,1.872
2016.01.27,1.201,3.740,1.64,0.3684,98.95,1.48,1.898
2016.01.28,1.201,3.760,1.64,0.3674,98.54,1.48,1.907
2016.01.29,1.208,3.764,1.64,0.366,99.65,1.5,1.912
2016.02.01,1.206,3.791,1.63,0.369,99.03,1.49,1.925
2016.02.02,1.204,3.742,1.61,0.3686,98.89,1.49,1.906
2016.02.03,1.203,3.709,1.59,0.3704,97.3,1.49,1.891
2016.02.04,1.216,3.780,1.58,0.37,96.49,1.51,1.916
2016.02.05,1.202,3.783,1.58,0.3715,97.05,1.47,1.918
2016.02.11,1.195,3.674,1.57,0.3708,95.62,1.49,1.862
2016.02.12,1.197,3.642,1.55,0,95.98,1.48,1.835
2016.02.15,1.206,3.688,1.55,0.371,95.98,1.48,1.862
2016.02.16,1.209,3.745,1.55,0.37,96.88,1.47,1.888
2016.02.17,1.216,3.746,1.53,0.3714,96.8,1.48,1.884
2016.02.18,1.224,3.796,1.52,0.3709,96.96,1.48,1.909
2016.02.19,1.225,3.803,1.53,0.371,96.6,1.47,1.916
2016.02.22,1.233,3.799,1.54,0.371,97.39,1.48,1.916
2016.02.23,1.233,3.799,1.55,0.3715,97.49,1.49,1.914
2016.02.24,1.230,3.801,1.55,0.3743,97.46,1.49,1.913
2016.02.25,1.234,3.807,1.55,0.3745,97.28,1.49,1.919
2016.02.26,1.236,3.805,1.55,0.3715,98.18,1.5,1.920
2016.02.29,1.235,3.794,1.55,0.3715,98.22,1.52,1.917
2016.03.02,1.240,3.864,1.55,0.373,98.23,1.5,1.947
2016.03.03,1.232,3.883,1.55,0.372,97.6,1.49,1.958
2016.03.04,1.218,3.878,1.56,0.372,97.34,1.49,1.956
2016.03.07,1.208,3.877,1.56,0.372,97.08,1.49,1.958
2016.03.08,1.200,3.852,1.56,0.372,97.21,1.49,1.946
2016.03.09,1.205,3.860,1.56,0.3725,97.16,1.48,1.953
2016.03.10,1.214,3.893,1.55,0.3725,96.06,1.5,1.969
2016.03.11,1.208,3.897,1.56,0.3743,96.17,1.48,1.971
2016.03.14,1.200,3.905,1.58,0.3753,96.52,1.48,1.972
2016.03.15,1.186,3.898,1.59,0.3743,96.67,1.48,1.970
2016.03.16,1.189,3.908,1.59,0.3748,95.93,1.48,1.975
2016.03.17,1.192,3.935,1.6,0.3743,94.8,1.48,1.988
2016.03.18,1.174,3.942,1.6,0.3743,95.12,1.49,1.992
2016.03.21,1.161,3.941,1.6,0.3743,95.3,1.49,1.990
2016.03.22,1.165,3.960,1.6,0.3753,95.64,1.49,1.997
2016.03.23,1.159,3.950,1.6,0.3745,96.06,1.49,1.995
2016.03.24,1.158,3.928,1.6,0,96.17,1.49,1.986
2016.03.25,1.167,3.915,1.6,0,0,1.49,1.984
2016.03.28,1.169,3.916,1.6,0.3755,95.94,1.49,1.983
2016.03.29,1.169,3.947,1.6,0.3772,95.15,1.49,1.995
2016.03.30,1.163,3.957,1.58,0.3831,94.82,1.51,2.002
2016.03.31,1.153,3.944,1.58,0.3791,94.58,1.53,1.996
2016.04.01,1.144,3.896,1.57,0.3794,94.62,1.5,1.974
2016.04.04,1.148,3.904,1.57,0.3777,94.52,1.46,1.979
2016.04.05,1.147,3.874,1.56,0.3782,94.64,1.49,1.963
2016.04.06,1.155,3.885,1.56,0.3782,94.44,1.48,1.971
2016.04.07,1.155,3.897,1.57,0.3775,94.5,1.48,1.974
2016.04.08,1.154,3.893,1.57,0.3792,94.25,1.48,1.972
2016.04.11,1.156,3.889,1.57,0.3792,93.94,1.48,1.970
2016.04.12,1.149,3.912,1.57,0.3797,93.95,1.48,1.981
2016.04.14,1.144,3.995,1.57,0.3807,94.91,1.49,2.016
2016.04.15,1.153,3.991,1.58,0.3812,94.69,1.48,2.015
2016.04.18,1.150,3.980,1.58,0.3827,94.46,1.49,2.009
2016.04.19,1.151,3.978,1.59,0.3822,93.95,1.48,2.011
2016.04.20,1.140,3.963,1.59,0.3817,94.47,1.49,2.006
2016.04.21,1.132,3.999,1.58,0.3812,94.57,1.48,2.022
2016.04.22,1.134,3.986,1.58,0.3812,95.08,1.48,2.015
2016.04.25,1.141,3.986,1.58,0.3807,94.8,1.49,2.015
2016.04.26,1.149,3.996,1.57,0.3802,94.54,1.49,2.020
2016.04.27,1.149,3.991,1.56,0.3827,94.37,1.48,2.015
2016.04.28,1.145,3.954,1.56,0.3837,93.73,1.48,2.001
2016.04.29,1.143,3.936,1.56,0,93.05,1.5,1.994
2016.05.02,1.138,3.907,1.56,0.3857,92.62,1.48,1.978
2016.05.03,1.140,3.918,1.56,0.3858,92.93,1.48,1.986
2016.05.04,1.137,3.903,1.55,0.385,93.19,1.48,1.977
2016.05.09,1.153,3.882,1.54,0.3845,94.12,1.48,1.968
2016.05.10,1.164,3.907,1.53,0.385,94.27,1.5,1.983
2016.05.11,1.174,3.897,1.52,0.385,93.79,1.54,1.980
2016.05.12,1.168,3.884,1.53,0.3855,94.13,1.49,1.977
2016.05.13,1.164,3.859,1.53,0.3855,94.59,1.49,1.967
2016.05.16,1.169,3.864,1.53,0.386,94.55,1.49,1.968
2016.05.17,1.178,3.860,1.53,0.385,94.53,1.49,1.968
2016.05.18,1.173,3.834,1.54,0.384,95.06,1.49,1.957
2016.05.19,1.180,3.827,1.56,0.3845,95.29,1.49,1.947
2016.05.20,1.190,3.816,1.56,0.385,95.34,1.49,1.948
2016.05.23,1.188,3.832,1.56,0.385,95.22,1.49,1.955
2016.05.24,1.183,3.797,1.56,0.3861,95.58,1.49,1.938
2016.05.25,1.188,3.855,1.55,0.3861,95.34,1.49,1.961
2016.05.26,1.185,3.845,1.56,0.385,95.16,1.49,1.957
2016.05.27,1.181,3.872,1.56,0,95.5,1.48,1.969
2016.05.30,1.179,3.873,1.56,0.3865,95.5,1.48,1.967
2016.05.31,1.190,3.905,1.57,0.3855,95.88,1.48,1.983
2016.06.01,1.190,3.890,1.56,0.3855,95.46,1.48,1.983
2016.06.02,1.192,3.892,1.54,0.3861,95.57,1.49,1.985
2016.06.03,1.189,3.887,1.54,0.3865,94.03,1.47,1.986
2016.06.07,1.186,3.939,1.52,0.3876,93.83,1.49,2.012
2016.06.08,1.163,3.970,1.51,0.3856,93.58,1.48,2.027
2016.06.09,1.156,3.965,1.42,0.3861,93.95,1.24,2.024
2016.06.10,1.155,3.948,1.4,0.3855,94.56,1.24,2.018
2016.06.13,1.163,3.874,1.4,0.3855,94.4,1.24,1.979
2016.06.14,1.172,3.862,1.4,0.385,95.04,1.24,1.972
2016.06.15,1.172,3.854,1.4,0.3855,94.68,1.24,1.969
2016.06.16,1.176,3.829,1.4,0.3865,94.71,1.24,1.952
2016.06.17,1.170,3.824,1.4,0.3901,94.34,1.24,1.953
2016.06.20,1.170,3.885,1.41,0.3901,93.68,1.24,1.981
2016.06.21,1.163,3.884,1.42,0.3896,94.06,1.24,1.983
2016.06.22,1.158,3.910,1.42,0.3911,93.76,1.24,1.993
2016.06.23,1.155,3.910,1.42,0.3934,93.53,1.24,1.987
2016.06.24,1.151,3.802,1.42,0.4001,95.57,1.24,1.925
2016.06.27,1.168,3.802,1.36,0.4016,96.7,1.24,1.927
2016.06.28,1.183,3.810,1.34,0.4051,96.33,1.22,1.936
2016.06.29,1.175,3.850,1.34,0.4116,95.81,1.22,1.956
2016.06.30,1.164,3.879,1.34,0.4061,96.2,1.23,1.970
2016.07.01,1.152,3.913,1.34,0,95.71,1.2,1.987
2016.07.04,1.147,3.931,1.33,0.4096,95.71,1.2,1.995
2016.07.05,1.148,3.917,1.33,0.4112,96.26,1.23,1.990
2016.07.06,1.153,3.838,1.31,0.4127,96.13,1.23,1.953
2016.07.07,1.165,3.877,1.31,0.4122,96.38,1.23,1.974
2016.07.08,1.156,3.855,1.31,0.4137,96.33,1.23,1.963
2016.07.11,1.159,3.908,1.31,0.4122,96.59,1.23,1.989
2016.07.12,1.147,3.916,1.31,0.4127,96.49,1.23,1.991
2016.07.13,1.149,3.952,1.31,0.4122,96.21,1.23,2.006
2016.07.14,1.145,3.959,1.31,0.4152,96.1,1.23,2.009
2016.07.15,1.141,3.977,1.31,0.4159,96.56,1.23,2.017
2016.07.18,1.132,3.978,1.32,0.4159,96.59,1.23,2.021
2016.07.19,1.136,3.971,1.32,0.4174,97.11,1.23,2.017
2016.07.20,1.138,3.961,1.32,0.4179,97.26,1.23,2.015
2016.07.21,1.140,3.956,1.32,0.4179,97.05,1.23,2.012
2016.07.22,1.140,3.955,1.32,0.4179,97.52,1.23,2.010
2016.07.25,1.135,3.974,1.32,0.4179,97.33,1.23,2.012
2016.07.26,1.136,4.000,1.32,0.4164,97.17,1.23,2.027
2016.07.27,1.138,4.000,1.32,0.4159,97.04,1.21,2.025
2016.07.28,1.134,3.985,1.32,0.4129,96.72,1.22,2.021
2016.07.29,1.125,3.969,1.31,0.4144,95.49,1.24,2.016
2016.08.01,1.122,4.004,1.31,0.4179,95.68,1.23,2.030
2016.08.02,1.111,3.976,1.31,0.4174,94.99,1.23,2.019
2016.08.03,1.108,3.926,1.31,0.4179,95.53,1.23,1.995
2016.08.04,1.114,3.938,1.31,0.4189,95.72,1.23,2.000
2016.08.05,1.113,3.980,1.31,0.4189,96.14,1.23,2.018
2016.08.08,1.111,4.013,1.31,0.4188,96.34,1.23,2.031
2016.08.09,1.112,4.042,1.31,0.4197,96.13,1.23,2.044
2016.08.10,1.107,4.046,1.31,0.4202,95.61,1.23,2.045
2016.08.11,1.096,4.051,1.31,0.4191,95.84,1.23,2.049
2016.08.12,1.098,4.048,1.31,0.41778,95.68,1.23,2.050
2016.08.16,1.101,4.042,1.31,0.41722,94.76,1.23,2.048
2016.08.17,1.095,4.042,1.32,0.41722,94.69,1.23,2.044
2016.08.18,1.102,4.064,1.32,0.41556,94.14,1.23,2.055
2016.08.19,1.106,4.064,1.32,0.41667,94.48,1.23,2.056
2016.08.22,1.115,4.043,1.32,0.41778,94.5,1.23,2.042
2016.08.23,1.125,4.055,1.32,0.41833,94.49,1.23,2.050
2016.08.24,1.117,4.047,1.32,0.41989,94.75,1.24,2.044
2016.08.25,1.121,4.050,1.33,0.41833,94.74,1.24,2.043
2016.08.26,1.119,4.038,1.33,0,95.54,1.24,2.038
2016.08.29,1.113,4.039,1.34,0.41944,95.54,1.24,2.032
2016.08.30,1.125,4.054,1.35,0.41944,96.04,1.24,2.040
2016.08.31,1.118,4.051,1.35,0.41611,96.01,1.25,2.035
2016.09.01,1.117,4.047,1.36,0.42044,95.66,1.24,2.033
2016.09.02,1.119,4.052,1.37,0,95.84,1.23,2.038
2016.09.05,1.117,4.102,1.37,0.42044,95.84,1.22,2.060
2016.09.06,1.108,4.122,1.37,0.42156,94.82,1.24,2.067
2016.09.07,1.105,4.117,1.37,0.42211,94.95,1.23,2.062
2016.09.08,1.093,4.122,1.36,0.42156,95.05,1.25,2.064
2016.09.09,1.093,4.080,1.36,0.421,95.33,1.25,2.038
2016.09.12,1.099,3.993,1.38,0.421,95.09,1.24,1.991
2016.09.13,1.110,3.999,1.4,0.42156,95.65,1.24,1.999
2016.09.19,1.112,4.027,1.4,0.42211,95.77,1.24,2.016
2016.09.20,1.120,4.044,1.4,0.42211,95.98,1.24,2.026
2016.09.21,1.119,4.069,1.41,0.42322,95.67,1.24,2.036
2016.09.22,1.116,4.091,1.41,0.42322,95.38,1.24,2.050
2016.09.23,1.103,4.103,1.41,0.42433,95.39,1.24,2.054
2016.09.26,1.104,4.087,1.41,0.42544,95.21,1.24,2.047
2016.09.27,1.106,4.119,1.42,0.42063,95.31,1.24,2.063
2016.09.28,1.103,4.095,1.43,0.41989,95.34,1.25,2.053
2016.09.29,1.095,4.119,1.43,0.42378,95.47,1.25,2.069
2016.09.30,1.096,4.070,1.43,0.42433,95.39,1.26,2.044
2016.10.04,1.102,4.097,1.43,0.42822,96.13,1.25,2.055
2016.10.05,1.105,4.092,1.43,0.42878,96.11,1.24,2.053
2016.10.06,1.113,4.109,1.44,0.42656,96.77,1.24,2.065
2016.10.07,1.111,4.084,1.45,0,96.65,1.23,2.054
2016.10.10,1.115,4.092,1.46,0.42767,96.93,1.23,2.057
2016.10.11,1.111,4.051,1.47,0.42878,97.69,1.24,2.032
2016.10.12,1.117,4.050,1.48,0.431,97.96,1.24,2.034
2016.10.13,1.123,4.009,1.48,0.43044,97.52,1.23,2.015
2016.10.14,1.130,4.025,1.48,0.43322,98,1.24,2.023
2016.10.17,1.132,4.046,1.48,0.43322,97.88,1.24,2.028
2016.10.18,1.140,4.081,1.49,0.43378,97.9,1.23,2.040
2016.10.19,1.132,4.075,1.49,0.43322,97.94,1.23,2.041
2016.10.20,1.122,4.079,1.49,0.43322,98.31,1.23,2.041
2016.10.21,1.124,4.066,1.5,0.43211,98.69,1.24,2.033
2016.10.24,1.134,4.100,1.52,0.43433,98.75,1.24,2.048
2016.10.25,1.134,4.086,1.53,0.43433,98.68,1.23,2.037
2016.10.26,1.136,4.049,1.53,0.43489,98.61,1.23,2.014
2016.10.27,1.132,4.069,1.54,0.43544,98.88,1.23,2.024
2016.10.28,1.140,4.056,1.54,0.43344,98.34,1.18,2.019
2016.10.31,1.145,4.041,1.55,0.43456,98.42,1.24,2.008
2016.11.01,1.144,4.043,1.54,0.43733,97.7,1.22,2.007
2016.11.02,1.141,3.992,1.54,0.43678,97.41,1.22,1.979
2016.11.03,1.148,3.998,1.54,0.43511,97.2,1.22,1.984
2016.11.04,1.140,3.988,1.54,0.43456,97.09,1.24,1.982
2016.11.07,1.143,4.017,1.53,0.434,97.79,1.24,1.998
2016.11.08,1.141,4.027,1.52,0.43233,97.86,1.24,2.003
2016.11.09,1.137,3.947,1.52,0.43233,98.53,1.24,1.958
2016.11.10,1.145,4.028,1.53,0,98.77,1.23,2.003
2016.11.11,1.151,3.975,1.53,0.43344,99.05,1.23,1.984
2016.11.14,1.164,3.945,1.54,0.43289,100.12,1.24,1.974
2016.11.15,1.169,3.935,1.58,0.43289,100.25,1.24,1.968
2016.11.16,1.168,3.945,1.59,0.43456,100.44,1.24,1.980
2016.11.17,1.167,3.945,1.62,0.43367,100.95,1.24,1.981
2016.11.18,1.174,3.942,1.62,0.43367,101.28,1.23,1.975
2016.11.21,1.182,3.930,1.65,0.43367,101.11,1.19,1.966
2016.11.22,1.183,3.971,1.66,0.43422,101.11,1.23,1.983
2016.11.23,1.175,3.997,1.68,0,101.76,1.23,1.988
2016.11.24,1.174,3.972,1.71,0.43478,101.76,1.23,1.971
2016.11.25,1.182,3.979,1.76,0.43422,101.55,1.22,1.974
2016.11.28,1.178,3.985,1.77,0.43422,101.37,1.19,1.978
2016.11.29,1.170,3.982,1.76,0.43056,100.95,1.2,1.978
2016.11.30,1.168,3.987,1.75,0.43422,101.54,1.23,1.983
2016.12.01,1.168,3.983,1.75,0.43478,101.1,1.21,1.984
2016.12.02,1.172,3.961,1.73,0.43478,100.86,1.16,1.971
2016.12.05,1.170,3.952,1.72,0.43422,100.11,1.2,1.963
2016.12.06,1.173,4.003,1.7,0.43367,100.53,1.23,1.990
2016.12.07,1.169,4.012,1.7,0.43311,100.27,1.23,1.992
2016.12.08,1.169,4.106,1.7,0.43422,101.13,1.23,2.031
2016.12.09,1.159,4.096,1.69,0.437,101.62,1.23,2.025
2016.12.12,1.166,4.096,1.69,0.437,101.05,1.23,2.027
2016.12.13,1.170,4.106,1.68,0.43867,101.11,1.22,2.036
2016.12.14,1.165,4.114,1.67,0.67889,101.77,1.22,2.037
2016.12.15,1.168,4.107,1.68,0.68389,103.05,1.22,2.037
2016.12.16,1.180,4.124,1.68,0.68111,102.9,1.2,2.042
2016.12.19,1.183,4.115,1.68,0.68378,103.29,1.23,2.038
2016.12.20,1.186,4.116,1.68,0.686,103.03,1.2,2.042
2016.12.21,1.191,4.105,1.68,0.68656,103.1,1.22,2.038
2016.12.22,1.194,4.102,1.67,0.69378,103,1.23,2.036
2016.12.23,1.198,4.105,1.67,0,0,1.24,2.036
2016.12.26,1.202,4.108,1.68,0,103.01,1.24,2.038
2016.12.27,1.199,4.120,1.69,0.68656,103.24,1.24,2.042
2016.12.28,1.205,4.075,1.69,0.68822,102.71,1.23,2.024
2016.12.29,1.207,4.079,1.67,0.69211,102.29,1.24,2.026
2016.12.30,1.208,0.000,1.67,0,0,1.27,n.ll
2017.01.02,1.208,4.080,1.67,0.69544,103.2,1.26,2.026
2017.01.03,1.207,4.124,1.66,0.69044,102.71,1.24,2.044
2017.01.04,1.206,4.136,1.63,0.69222,101.53,1.24,2.046
2017.01.05,1.206,4.121,1.61,0.691,102.21,1.24,2.042
2017.01.06,1.191,4.131,1.59,0.693,101.91,1.24,2.049
2017.01.09,1.189,4.129,1.6,0.69333,102,1.24,2.049
2017.01.10,1.205,4.129,1.6,0.69278,101.75,1.25,2.045
2017.01.11,1.198,4.191,1.59,0.69278,101.38,1.24,2.075
2017.01.12,1.196,4.213,1.59,0.69278,101.19,1.23,2.087
2017.01.13,1.182,4.196,1.58,0,101.19,1.24,2.077
2017.01.16,1.177,4.180,1.58,0.69,100.32,1.24,2.064
2017.01.17,1.180,4.195,1.57,0.68944,100.92,1.23,2.072
2017.01.18,1.180,4.190,1.57,0.69,101.14,1.23,2.071
2017.01.19,1.165,4.200,1.57,0.68833,100.69,1.24,2.073
2017.01.20,1.177,4.182,1.57,0.68889,100.13,1.24,2.066
2017.01.23,1.172,4.180,1.57,0.68833,100.34,1.24,2.066
2017.01.24,1.166,4.181,1.57,0.68833,100.02,1.25,2.066
2017.01.25,1.163,4.186,1.57,0.68722,100.38,1.25,2.067
2017.01.26,1.166,4.221,1.58,0.69,99.48,1.26,2.084
2017.01.31,1.157,4.184,1.59,0.69111,99.61,1.25,2.068
2017.02.01,1.165,4.210,1.59,0.68833,99.79,1.23,2.080
2017.02.02,1.155,4.189,1.59,0.69278,99.84,1.23,2.071
2017.02.03,1.149,4.198,1.58,0.68833,99.87,1.23,2.073
2017.02.06,1.146,4.205,1.58,0.68778,100.25,1.22,2.078
2017.02.07,1.137,4.203,1.57,0.68667,100.26,1.21,2.075
2017.02.08,1.142,4.186,1.56,0.68667,100.65,1.22,2.065
2017.02.09,1.145,4.182,1.55,0.68778,100.79,1.23,2.066
2017.02.10,1.145,4.196,1.55,0.68722,100.95,1.23,2.075
2017.02.13,1.151,4.200,1.55,0.68722,101.23,1.23,2.079
2017.02.14,1.151,4.186,1.55,0.68556,101.16,1.23,2.075
2017.02.15,1.144,4.199,1.55,0.68611,100.43,1.23,2.084
2017.02.16,1.141,4.204,1.55,0.68611,100.95,1.22,2.082
2017.02.17,1.138,4.207,1.55,0,100.95,1.23,2.081
2017.02.20,1.145,4.214,1.55,0.68611,101.36,1.23,2.084
2017.02.21,1.147,4.250,1.55,0.68333,101.19,1.23,2.103
2017.02.22,1.146,4.255,1.55,0.68333,101.05,1.24,2.107
2017.02.23,1.140,4.258,1.55,0.68278,101.09,1.24,2.108
2017.02.24,1.138,4.225,1.55,0.68333,101.13,1.24,2.094
2017.02.27,1.131,4.195,1.55,0.68056,101.13,1.24,2.086
2017.02.28,1.132,4.210,1.56,0.68278,102.2,1.26,2.092
2017.03.02,1.132,4.241,1.56,0.68278,101.55,1.24,2.103
2017.03.03,1.142,4.188,1.57,0.68278,101.65,1.23,2.079
2017.03.06,1.152,4.194,1.57,0.68278,101.81,1.2,2.081
2017.03.07,1.156,4.211,1.57,0.68211,102.08,1.18,2.094
2017.03.08,1.151,4.220,1.59,0.68211,101.85,1.23,2.095
2017.03.09,1.146,4.210,1.59,0.68189,101.25,1.24,2.091
2017.03.10,1.156,4.225,1.6,0.68278,101.31,1.24,2.097
2017.03.13,1.158,4.278,1.59,0.68689,101.57,1.23,2.118
2017.03.14,1.147,4.319,1.59,0.68667,100.58,1.23,2.134
2017.03.15,1.147,4.315,1.59,0.92578,100.19,1.23,2.133
2017.03.16,1.146,4.341,1.59,0.92422,100.12,1.22,2.150
2017.03.17,1.131,4.362,1.59,0.92644,100.23,1.2,2.165
2017.03.20,1.131,4.348,1.59,0.92533,99.61,1.22,2.157
2017.03.21,1.124,4.399,1.59,0.92667,99.47,1.22,2.178
2017.03.22,1.117,4.379,1.59,0.92611,99.56,1.22,2.168
2017.03.23,1.123,4.385,1.59,0.92667,99.44,1.23,2.173
2017.03.24,1.120,4.380,1.59,0.92444,98.97,1.22,2.169
2017.03.27,1.122,4.351,1.59,0.925,99.55,1.23,2.156
2017.03.28,1.114,4.361,1.59,0.92556,99.84,1.22,2.163
2017.03.29,1.112,4.373,1.59,0.92667,100.29,1.24,2.167
2017.03.30,1.114,4.369,1.58,0.92167,100.22,1.25,2.165
2017.03.31,1.116,4.358,1.57,0.92722,100.41,1.27,2.160
2017.04.03,1.119,4.374,1.57,0.93,100.43,1.25,2.168
2017.04.04,1.113,4.353,1.57,0.93111,100.44,1.23,2.161
2017.04.05,1.118,4.349,1.56,0.93,100.57,1.23,2.161
2017.04.06,1.124,4.330,1.55,0.93056,101.12,1.23,2.153
2017.04.07,1.131,4.325,1.55,0.92722,100.95,1.23,2.152
2017.04.10,1.134,4.288,1.55,0.92722,100.62,1.23,2.133
2017.04.11,1.141,4.261,1.55,0.92778,100.71,1.23,2.124
2017.04.12,1.145,4.269,1.55,0.92611,100.46,1.23,2.129
2017.04.13,1.145,4.314,1.55,0,0,1.23,2.149
2017.04.14,1.131,4.289,1.55,0,100.19,1.23,2.135
2017.04.17,1.138,4.315,1.55,0.93,99.4,1.23,2.146
2017.04.18,1.136,4.318,1.55,0.93,99.64,1.23,2.148
2017.04.19,1.137,4.295,1.55,0.92944,99.69,1.23,2.138
2017.04.20,1.139,4.329,1.56,0.92944,99.88,1.24,2.149
2017.04.21,1.141,4.365,1.56,0.92667,98.97,1.24,2.165
2017.04.24,1.136,4.391,1.57,0.92833,98.65,1.24,2.174
2017.04.25,1.131,4.432,1.57,0.93028,98.92,1.23,2.197
2017.04.26,1.130,4.453,1.57,0.93056,98.96,1.22,2.208
2017.04.27,1.125,4.445,1.56,0.92944,98.9,1.17,2.209
2017.04.28,1.130,4.432,1.55,0.92667,98.83,1.21,2.205
2017.05.02,1.133,4.475,1.55,0.92778,98.65,1.22,2.220
2017.05.04,1.130,4.519,1.54,0.92778,98.94,1.22,2.241
2017.05.08,1.132,4.636,1.54,0.92833,99.56,1.23,2.293
2017.05.10,1.132,4.587,1.54,0.92833,99.51,1.23,2.270
2017.05.11,1.134,4.653,1.54,0.92833,99.13,1.23,2.296
2017.05.12,1.130,4.622,1.54,0.92889,98.8,1.23,2.286
2017.05.15,1.126,4.631,1.53,0.92833,98,1.23,2.291
2017.05.16,1.125,4.640,1.54,0.92833,97.46,1.23,2.295
2017.05.17,1.117,4.637,1.54,0.92778,97.77,1.23,2.293
2017.05.18,1.118,4.629,1.54,0.92889,97.03,1.23,2.287
2017.05.19,1.125,4.638,1.54,0.92889,96.88,1.23,2.288
2017.05.22,1.127,4.678,1.54,0.93056,97.26,1.23,2.304
2017.05.23,1.117,4.688,1.54,0.93056,97.15,1.23,2.312
2017.05.24,1.120,4.692,1.55,0.93,97.18,1.23,2.317
2017.05.25,1.126,4.733,1.56,0.93,97.36,1.22,2.343
2017.05.26,1.118,4.760,1.56,0,97.36,1.23,2.355
2017.05.29,1.119,4.762,1.56,0.93111,97.21,1.23,2.353
2017.05.30,1.120,4.739,1.55,0.92889,96.85,1.24,2.344
2017.05.31,1.123,4.738,1.55,0.93111,97.14,1.26,2.347
2017.06.01,1.121,4.727,1.55,0.93111,96.67,1.25,2.345
2017.06.02,1.120,4.783,1.55,0.93111,96.75,1.22,2.372
2017.06.05,1.120,4.780,1.55,0.93056,96.71,1.24,2.369
2017.06.07,1.118,4.760,1.54,0.93111,96.9,1.23,2.360
2017.06.08,1.122,4.772,1.53,0.93056,97.24,1.24,2.364
2017.06.09,1.125,4.820,1.54,0.93111,97.12,1.23,2.382
2017.06.12,1.121,4.774,1.54,0.93111,96.94,1.23,2.358
2017.06.13,1.126,4.798,1.55,0.93111,96.92,1.23,2.375
2017.06.14,1.128,4.796,1.54,0.93111,97.44,1.23,2.373
2017.06.15,1.125,4.771,1.54,1.175,97.15,1.23,2.362
2017.06.16,1.122,4.776,1.54,1.17722,97.33,1.23,2.362
2017.06.19,1.133,4.800,1.55,1.17667,97.41,1.23,2.371
2017.06.20,1.131,4.800,1.56,1.17611,97.22,1.23,2.369
2017.06.21,1.137,4.775,1.55,1.17722,97.3,1.23,2.358
2017.06.22,1.142,4.809,1.56,1.17722,96.94,1.23,2.370
2017.06.23,1.140,4.828,1.56,1.17667,97.12,1.24,2.379
2017.06.26,1.140,4.849,1.57,1.17611,96.09,1.25,2.389
2017.06.27,1.135,4.857,1.57,1.17611,95.74,1.25,2.392
2017.06.28,1.136,4.839,1.58,1.17667,95.37,1.25,2.383
2017.06.29,1.141,4.861,1.58,1.17333,95.42,1.27,2.396
2017.06.30,1.139,4.851,1.58,1.16167,95.97,1.29,2.392
2017.07.03,1.144,4.867,1.58,1.17167,95.97,1.26,2.394
2017.07.04,1.145,4.833,1.57,0,96.06,1.23,2.381
2017.07.05,1.149,4.850,1.58,1.17389,95.58,1.22,2.388
2017.07.06,1.149,4.848,1.58,1.17389,95.79,1.23,2.388
2017.07.07,1.153,4.824,1.58,1.17389,95.78,1.24,2.380
2017.07.10,1.155,4.827,1.58,1.17444,95.42,1.24,2.382
2017.07.11,1.149,4.867,1.58,1.17722,95.51,1.24,2.396
2017.07.12,1.150,4.856,1.58,1.17833,95.51,1.24,2.392
2017.07.13,1.145,4.898,1.58,1.17833,94.93,1.24,2.409
2017.07.14,1.137,4.924,1.58,1.17722,94.9,1.24,2.415
2017.07.17,1.136,4.940,1.58,1.17778,94.4,1.23,2.425
2017.07.18,1.128,4.944,1.58,1.17722,94.59,1.23,2.426
2017.07.19,1.126,4.948,1.58,1.17889,94.12,1.23,2.430
2017.07.20,1.121,4.970,1.59,1.17889,93.68,1.23,2.442
2017.07.21,1.124,4.994,1.59,1.17889,93.8,1.24,2.450
2017.07.24,1.121,4.999,1.59,1.17889,93.89,1.24,2.452
2017.07.25,1.116,4.974,1.59,1.18,93.51,1.24,2.440
2017.07.26,1.116,4.960,1.59,1.17778,93.72,1.24,2.435
2017.07.27,1.120,4.978,1.59,1.17722,93.11,1.24,2.443
2017.07.28,1.112,4.893,1.58,1.17833,92.72,1.23,2.401
2017.07.31,1.119,4.902,1.59,1.17611,92.9,1.24,2.403
2017.08.01,1.121,4.930,1.59,1.17556,92.7,1.23,2.423
2017.08.02,1.118,4.935,1.58,1.17722,92.71,1.21,2.428
2017.08.03,1.123,4.857,1.58,1.17722,93.42,1.22,2.387
2017.08.04,1.127,4.877,1.57,1.17778,93.31,1.22,2.395
2017.08.07,1.125,4.895,1.57,1.17722,93.52,1.2,2.399
2017.08.08,1.127,4.885,1.58,1.17778,93.43,1.18,2.395
2017.08.09,1.125,4.833,1.59,1.17778,93.3,1.23,2.368
2017.08.10,1.134,4.816,1.61,1.17778,92.96,1.23,2.359
2017.08.11,1.141,4.727,1.63,1.17778,93.31,1.23,2.320
2017.08.14,1.146,4.766,1.64,1.17778,93.44,1.21,2.334
2017.08.16,1.138,4.796,1.65,1.17889,93.53,1.21,2.348
2017.08.17,1.139,4.822,1.66,1.17778,93.36,1.22,2.362
2017.08.18,1.135,4.815,1.66,1.17722,93.01,1.23,2.358
2017.08.21,1.142,4.817,1.66,1.17778,93.46,1.23,2.355
2017.08.22,1.138,4.839,1.66,1.17778,93.07,1.23,2.365
2017.08.23,1.135,4.836,1.66,1.17778,93.2,1.23,2.366
2017.08.24,1.130,4.857,1.66,1.17778,92.68,1.24,2.376
2017.08.25,1.127,4.870,1.66,1.17778,92.14,1.24,2.379
2017.08.28,1.129,4.852,1.65,0,92.18,1.25,2.370
2017.08.29,1.120,4.837,1.65,1.17833,92.82,1.25,2.365
2017.08.30,1.126,4.857,1.65,1.17778,92.63,1.25,2.372
2017.08.31,1.122,4.829,1.65,1.17556,92.77,1.27,2.363
2017.09.01,1.125,4.821,1.64,1.17722,92.77,1.26,2.358
2017.09.04,1.122,4.763,1.64,0,92.23,1.25,2.330
2017.09.05,1.131,4.754,1.64,1.17778,92.25,1.24,2.327
2017.09.06,1.131,4.742,1.64,1.17611,91.64,1.24,2.320
2017.09.07,1.133,4.795,1.63,1.17611,91.33,1.25,2.346
2017.09.08,1.129,4.793,1.64,1.17722,91.85,1.25,2.344
2017.09.11,1.126,4.828,1.64,1.17778,91.86,1.25,2.359
2017.09.12,1.129,4.839,1.64,1.17778,92.51,1.26,2.365
2017.09.13,1.129,4.833,1.65,1.17722,92.11,1.26,2.360
2017.09.14,1.127,4.872,1.65,1.17889,91.86,1.26,2.378
2017.09.15,1.132,4.894,1.66,1.17889,91.85,1.25,2.386
2017.09.18,1.133,4.982,1.67,1.17889,91.56,1.25,2.418
2017.09.19,1.127,4.970,1.67,1.17889,92.3,1.24,2.416
2017.09.20,1.130,4.976,1.67,1.17889,92.05,1.25,2.412
2017.09.21,1.129,4.976,1.67,1.17889,91.97,1.25,2.407
2017.09.22,1.132,4.960,1.68,1.17889,92.44,1.25,2.389
2017.09.25,1.136,4.964,1.7,1.17833,92.78,1.26,2.380
2017.09.26,1.130,4.924,1.7,1.17833,93.17,1.25,2.374
2017.09.27,1.136,4.920,1.71,1.18,92.93,1.26,2.373
2017.09.28,1.139,4.921,1.74,1.18111,92.88,1.26,2.373
2017.09.29,1.146,4.957,1.74,1.18167,93.1,1.27,2.394
2017.10.10,1.145,5.062,1.74,1.18167,92.83,1.26,2.434
2017.10.11,1.138,5.113,1.76,1.18333,92.9,1.24,2.458
2017.10.12,1.135,5.142,1.77,1.18444,92.94,1.25,2.475
2017.10.13,1.133,5.136,1.78,1.18444,93.16,1.25,2.474
2017.10.16,1.130,5.144,1.79,1.18444,93.35,1.25,2.480
2017.10.17,1.127,5.160,1.8,1.18444,93.23,1.24,2.484
2017.10.18,1.131,5.160,1.81,1.18444,93.12,1.24,2.483
2017.10.19,1.130,5.126,1.82,1.185,93.58,1.24,2.473
2017.10.20,1.132,5.163,1.88,1.18444,93.81,1.24,2.490
2017.10.23,1.131,5.176,1.94,1.18444,93.66,1.24,2.490
2017.10.24,1.131,5.172,1.94,1.18444,93.58,1.24,2.490
2017.10.25,1.128,5.173,1.94,1.18444,94.51,1.24,2.493
2017.10.26,1.128,5.134,1.95,1.18444,94.82,1.25,2.481
2017.10.27,1.124,5.166,1.99,1.18444,94.45,1.24,2.497
2017.10.30,1.130,5.181,2.02,1.185,94.43,1.23,2.502
2017.10.31,1.125,5.231,2.04,1.18222,94.71,1.26,2.523
2017.11.01,1.121,5.306,2.06,1.18222,94.59,1.24,2.556
2017.11.02,1.116,5.286,2.06,1.18389,94.86,1.24,2.546
2017.11.03,1.113,5.310,2.05,1.18444,94.66,1.24,2.558
2017.11.06,1.112,5.284,2.05,1.18389,94.8,1.23,2.549
2017.11.07,1.116,5.264,2.05,1.18389,94.77,1.25,2.545
2017.11.08,1.111,5.283,2.04,1.18333,94.35,1.23,2.552
2017.11.09,1.114,5.270,2.03,1.18333,94.28,1.24,2.551
2017.11.10,1.114,5.259,2.03,1.18333,94.39,1.24,2.543
2017.11.13,1.117,5.250,2.03,1.18278,93.72,1.25,2.530
2017.11.14,1.120,5.239,2.03,1.18278,93.73,1.24,2.527
2017.11.15,1.118,5.229,2.03,1.18278,93.85,1.24,2.518
2017.11.16,1.114,5.270,2.02,1.18278,93.58,1.24,2.535
2017.11.17,1.104,5.264,2.02,1.18278,94,1.24,2.534
2017.11.20,1.096,5.244,2.02,1.18278,93.88,1.25,2.528
2017.11.21,1.098,5.256,2.02,1.18278,93.14,1.25,2.531
2017.11.22,1.097,5.285,2.01,1.18278,93.14,1.24,2.541
2017.11.23,1.091,5.273,2.01,0,92.71,1.25,2.537
2017.11.24,1.088,5.285,2.01,1.18375,92.83,1.25,2.544
2017.11.27,1.085,5.197,2.02,1.18375,93.21,1.26,2.508
2017.11.28,1.087,5.213,2.03,1.185,93.11,1.26,2.514
2017.11.29,1.088,5.211,2.02,1.18625,93,1.26,2.513
2017.11.30,1.082,5.126,2.02,1.18,92.84,1.53,2.476
2017.12.01,1.085,5.124,2.01,1.1825,93.14,1.48,2.475
2017.12.04,1.087,5.188,1.99,1.1825,93.33,1.48,2.502
2017.12.05,1.088,5.189,1.98,1.1825,93.58,1.47,2.510
2017.12.06,1.084,5.123,1.99,1.1825,93.77,1.48,2.474
2017.12.07,1.091,5.107,1.98,1.1825,93.87,1.49,2.462
2017.12.08,1.092,5.132,1.97,1.1825,93.84,1.52,2.464
2017.12.11,1.093,5.135,1.97,1.1825,94.08,1.52,2.471
2017.12.12,1.092,5.117,1.97,1.1825,93.42,1.51,2.461
2017.12.13,1.090,5.153,1.95,1.1825,93.48,1.5,2.481
2017.12.14,1.091,5.135,1.94,1.4275,93.93,1.5,2.469
2017.12.15,1.086,5.159,1.96,1.43313,93.52,1.51,2.482
2017.12.18,1.089,5.166,1.97,1.43313,93.03,1.5,2.482
2017.12.19,1.089,5.170,1.97,1.43313,92.89,1.5,2.479
2017.12.20,1.086,5.152,1.98,1.43438,92.86,1.51,2.472
2017.12.21,1.082,5.057,1.98,1.43438,92.92,1.53,2.430
2017.12.22,1.080,5.084,1.98,1.43438,92.8,1.51,2.441
2017.12.26,1.079,5.044,1.99,0,92.61,1.52,2.427
2017.12.27,1.077,5.092,1.99,1.435,92.3,1.51,2.437
2017.12.28,1.075,5.155,2,1.4375,91.83,1.55,2.467
2017.12.29,1.071,0.000,1.99,1.42875,91.57,1.58,n.ll
2018.01.02,1.071,5.167,1.99,1.4375,91.9,1.52,2.480
2018.01.03,1.064,5.196,1.96,1.43875,91.58,1.5,2.486
2018.01.04,1.065,5.155,1.95,1.4375,91.67,1.48,2.466
2018.01.05,1.065,5.236,1.95,1.4375,92.1,1.47,2.498
2018.01.08,1.062,5.300,1.94,1.4375,92.26,1.46,2.513
2018.01.09,1.065,5.275,1.94,1.4375,92.07,1.49,2.510
2018.01.10,1.067,5.228,1.94,1.43625,91.61,1.51,2.500
2018.01.11,1.070,5.211,1.95,1.4375,90.74,1.5,2.488
2018.01.12,1.071,5.252,1.95,1.4375,90.74,1.5,2.496
2018.01.15,1.064,5.264,1.94,0,90.15,1.5,2.504
2018.01.16,1.061,5.306,1.95,1.43875,90.31,1.5,2.522
2018.01.17,1.064,5.279,1.95,1.4375,90.3,1.49,2.515
2018.01.18,1.065,5.282,1.95,1.4375,90.37,1.49,2.516
2018.01.19,1.069,5.269,1.94,1.4375,90.19,1.49,2.520
2018.01.22,1.067,5.212,1.94,1.4375,89.92,1.49,2.502
2018.01.23,1.068,5.288,1.94,1.4375,89.01,1.49,2.537
2018.01.24,1.069,5.283,1.94,1.4375,89.23,1.49,2.538
2018.01.25,1.070,5.325,1.94,1.43813,88.89,1.49,2.562
2018.01.26,1.061,5.345,1.94,1.43813,89.13,1.49,2.575
2018.01.29,1.064,5.402,1.94,1.43938,89,1.49,2.598
2018.01.30,1.064,5.325,1.96,1.43938,88.95,1.49,2.568
2018.01.31,1.071,5.320,1.96,1.43938,88.51,1.54,2.566
2018.02.01,1.071,5.310,1.96,1.44375,89.04,1.5,2.569
2018.02.02,1.071,5.217,1.96,1.44375,89.41,1.46,2.525
2018.02.05,1.076,5.160,1.95,1.43938,89.45,1.48,2.492
2018.02.06,1.089,5.076,1.96,1.43875,90.12,1.47,2.453
2018.02.07,1.094,4.954,1.96,1.43875,90.12,1.49,2.397
2018.02.08,1.083,4.978,1.96,1.43875,90.33,1.47,2.408
2018.02.09,1.087,4.877,1.97,1.44,90.1,1.5,2.364
2018.02.12,1.092,4.942,1.98,1.4425,89.59,1.51,2.385
2018.02.13,1.083,4.981,1.98,1.44375,89.01,1.51,2.395
2018.02.14,1.082,5.048,1.99,1.44375,89.01,1.51,2.422
2018.02.19,1.079,5.081,1.99,0,89.64,1.5,2.443
2018.02.20,1.068,5.018,2,1.445,89.91,1.48,2.415
2018.02.21,1.070,5.048,2.01,1.445,89.66,1.48,2.430
2018.02.22,1.075,5.010,2.01,1.44438,89.81,1.49,2.414
2018.02.23,1.082,5.088,2,1.44813,0,1.47,2.452
2018.02.26,1.078,5.100,1.99,1.4475,89.85,1.48,2.458
2018.02.27,1.073,5.111,2,1.4475,90.36,1.5,2.456
2018.02.28,1.071,5.051,2,1.4425,90.61,1.51,2.427
2018.03.02,1.081,4.996,2,1.4475,89.94,1.5,2.402
2018.03.05,1.081,4.947,2.01,1.4475,90.08,1.46,2.375
2018.03.06,1.080,5.031,2.02,1.44688,89.62,1.43,2.411
2018.03.07,1.075,5.014,2.03,1.44688,89.64,1.48,2.402
2018.03.08,1.068,5.082,2.04,1.44688,90.18,1.5,2.433
2018.03.09,1.068,5.122,2.06,1.44688,90.09,1.49,2.459
2018.03.12,1.069,5.172,2.07,1.445,89.89,1.5,2.484
2018.03.13,1.064,5.212,2.07,1.445,89.66,1.5,2.494
2018.03.14,1.065,5.197,2.07,1.445,89.7,1.5,2.486
2018.03.15,1.065,5.211,2.07,1.445,90.14,1.49,2.492
2018.03.16,1.065,5.215,2.07,1.44625,90.23,1.5,2.494
2018.03.19,1.069,5.172,2.07,1.4475,89.77,1.5,2.475
2018.03.20,1.071,5.196,2.07,1.4475,90.37,1.49,2.486
2018.03.21,1.071,5.190,2.07,1.44875,89.78,1.49,2.485
2018.03.22,1.071,5.215,2.07,1.6975,89.86,1.5,2.496
2018.03.23,1.069,5.038,2.05,1.6975,89.48,1.51,2.417
2018.03.26,1.080,5.075,2.04,1.6975,89.03,1.5,2.437
2018.03.27,1.081,5.096,2.04,1.6975,89.33,1.48,2.452
2018.03.28,1.072,5.028,2.04,1.69875,90.06,1.48,2.419
2018.03.29,1.069,5.064,2.04,1.69688,90.15,1.48,2.436
2018.03.30,1.066,5.069,2.04,0,89.97,1.54,2.446
2018.04.02,1.064,5.064,2.04,0,90.05,1.49,2.444
2018.04.03,1.058,5.050,2.04,1.69938,90.2,1.44,2.442
2018.04.04,1.057,4.979,2.02,1.70188,90.14,1.46,2.408
2018.04.05,1.057,5.045,2,1.70313,90.46,1.46,2.438
2018.04.06,1.059,5.019,1.99,1.70313,90.11,1.44,2.430
2018.04.09,1.066,5.042,1.99,1.70188,89.84,1.48,2.444
2018.04.10,1.067,5.053,1.99,1.70188,89.59,1.49,2.451
2018.04.11,1.067,5.029,1.99,1.70188,89.57,1.48,2.444
2018.04.12,1.066,5.038,1.98,1.70313,89.75,1.48,2.443
2018.04.13,1.068,5.065,1.98,1.70188,89.8,1.49,2.455
2018.04.16,1.070,5.070,1.98,1.70125,89.42,1.46,2.457
2018.04.17,1.073,5.063,1.98,1.70375,89.52,1.47,2.454
2018.04.18,1.068,5.128,1.97,1.705,89.62,1.47,2.480
2018.04.19,1.066,5.148,1.98,1.70313,89.94,1.47,2.486
2018.04.20,1.063,5.110,1.97,1.70313,90.32,1.47,2.476
2018.04.23,1.067,5.113,1.98,1.70313,90.95,1.47,2.474
2018.04.24,1.068,5.081,1.98,1.70313,90.77,1.48,2.464
2018.04.25,1.076,5.056,1.98,1.70313,91.17,1.48,2.449
2018.04.26,1.078,5.112,1.99,1.70313,91.56,1.48,2.476
2018.04.27,1.079,5.156,1.99,1.70438,91.54,1.46,2.492
2018.04.30,1.076,5.196,1.98,1.70369,91.84,1.51,2.515
2018.05.02,1.067,5.177,1.98,0,92.51,1.5,2.506
2018.05.03,1.074,5.150,1.98,1.70438,92.41,1.49,2.487
2018.05.04,1.076,5.082,1.98,1.70563,92.57,1.49,2.461
2018.05.08,1.076,5.063,1.99,1.705,93.12,1.48,2.450
2018.05.09,1.078,5.043,2,1.705,93.04,1.48,2.444
2018.05.10,1.081,5.082,2.01,1.705,92.65,1.49,2.464
2018.05.11,1.075,5.101,2.02,1.70625,92.54,1.49,2.478
2018.05.14,1.068,5.080,2.03,1.705,92.59,1.49,2.476
2018.05.15,1.066,5.039,2.04,1.705,93.22,1.49,2.459
2018.05.16,1.072,5.064,2.04,1.70538,93.39,1.49,2.460
2018.05.17,1.078,5.040,2.03,1.706,93.47,1.48,2.448
2018.05.18,1.079,5.050,2.02,1.70725,93.64,1.49,2.461
2018.05.21,1.080,5.068,1.99,1.706,93.68,1.49,2.466
2018.05.23,1.083,5.100,1.99,1.70788,94,1.5,2.472
2018.05.24,1.078,5.089,2,1.7085,93.76,1.5,2.466
2018.05.25,1.079,5.103,1.99,1.70725,94.19,1.51,2.461
2018.05.28,1.078,5.105,1.99,0,94.19,1.51,2.479
2018.05.29,1.073,5.060,1.99,1.7085,94.83,1.5,2.457
2018.05.30,1.076,4.949,1.99,1.71163,94.15,1.52,2.409
2018.05.31,1.081,4.968,1.98,1.71163,93.98,1.55,2.423
2018.06.01,1.076,5.007,1.98,1.712,94.19,1.5,2.439
2018.06.04,1.076,5.039,1.98,1.712,94.02,1.44,2.448
2018.06.05,1.070,5.057,1.98,1.712,93.9,1.48,2.454
2018.06.07,1.069,5.092,1.99,1.71438,93.4,1.46,2.471
2018.06.08,1.067,5.087,1.98,1.715,93.55,1.49,2.452
2018.06.11,1.073,5.085,1.99,1.71463,93.58,1.47,2.470
2018.06.12,1.073,5.000,2,1.71325,93.8,1.47,2.469
2018.06.14,1.075,4.960,2.01,1.93563,94.77,1.49,2.423
2018.06.15,1.082,4.914,2.02,1.92563,94.79,1.49,2.404
2018.06.18,1.091,4.855,2.02,1.9255,94.8,1.49,2.376
2018.06.19,1.104,4.897,2.02,1.92888,95.08,1.47,2.340
2018.06.20,1.105,4.846,2.03,1.93038,95.06,1.49,2.364
2018.06.21,1.108,4.889,2.03,1.92788,94.74,1.49,2.338
2018.06.22,1.109,4.883,2.03,1.928,94.52,1.5,2.357
2018.06.25,1.108,4.876,2.04,1.93163,94.28,1.5,2.358
2018.06.26,1.116,4.875,2.04,1.935,94.66,1.46,2.351
2018.06.27,1.115,4.806,2.04,1.93375,95.27,1.49,2.342
2018.06.28,1.117,4.831,2.04,1.93325,95.39,1.53,2.314
2018.06.29,1.121,4.729,2.04,1.93538,94.64,1.57,2.326
2018.07.02,1.117,4.734,2.04,1.92975,95.03,1.53,2.272
2018.07.03,1.117,4.711,2.03,1.92813,94.67,1.47,2.273
2018.07.04,1.121,4.706,2.02,0,94.67,1.46,2.265
2018.07.05,1.115,4.727,2.02,1.92813,94.47,1.46,2.258
2018.07.06,1.118,4.769,2.01,1.92563,94.04,1.43,2.273
2018.07.09,1.117,4.783,2.01,1.92588,94.08,1.49,2.286
2018.07.10,1.112,4.752,2.01,1.91925,94.15,1.49,2.294
2018.07.11,1.113,4.756,1.99,1.91825,94.72,1.48,2.281
2018.07.12,1.120,4.833,1.98,1.91763,94.81,1.51,2.285
2018.07.13,1.127,4.816,2,1.91763,94.75,1.48,2.311
2018.07.16,1.123,4.810,2.01,1.91263,94.51,1.49,2.302
2018.07.17,1.128,4.808,2.01,1.91825,94.94,1.47,2.298
2018.07.18,1.125,4.800,2.01,1.91325,95.08,1.48,2.290
2018.07.19,1.128,4.815,2,1.91225,95.15,1.48,2.282
2018.07.20,1.131,4.771,1.99,1.9135,94.45,1.48,2.289
2018.07.23,1.134,4.782,1.98,1.91838,94.67,1.48,2.269
2018.07.24,1.128,4.767,1.98,1.91413,94.61,1.5,2.280
2018.07.25,1.135,4.803,1.98,1.91488,94.36,1.5,2.273
2018.07.26,1.127,4.815,1.99,1.91725,94.75,1.5,2.289
2018.07.27,1.119,4.807,1.98,1.91163,94.67,1.49,2.295
2018.07.30,1.120,4.808,2,1.916,94.32,1.49,2.294
2018.07.31,1.116,4.826,2.01,1.91538,94.49,1.52,2.295
2018.08.01,1.117,4.743,2.01,1.91563,94.62,1.5,2.307
2018.08.02,1.119,4.769,2.01,1.92025,95.16,1.49,2.270
2018.08.03,1.122,4.760,2.01,1.915,95.14,1.49,2.288
2018.08.06,1.128,4.791,2.01,1.92,95.36,1.49,2.287
2018.08.07,1.123,4.791,2,1.91338,95.22,1.44,2.300
2018.08.08,1.125,4.799,2,1.91625,95.05,1.48,2.301
2018.08.09,1.118,4.734,1.99,1.91625,95.5,1.49,2.304
2018.08.10,1.117,4.678,1.98,1.9125,96.36,1.48,2.283
2018.08.13,1.126,4.694,1.98,1.9125,96.39,1.49,2.248
2018.08.14,1.133,4.655,1.98,1.91325,96.73,1.49,2.259
2018.08.16,1.132,4.656,1.98,1.92,96.64,1.49,2.241
2018.08.17,1.130,4.651,1.98,1.91688,96.1,1.49,2.247
2018.08.20,1.125,4.706,1.97,1.9175,95.9,1.5,2.248
2018.08.21,1.121,4.720,1.96,1.91963,95.26,1.49,2.270
2018.08.22,1.118,4.743,1.94,1.91775,95.15,1.49,2.273
2018.08.23,1.118,4.766,1.94,1.91813,95.67,1.5,2.283
2018.08.24,1.120,4.793,1.94,1.91888,95.15,1.48,2.293
2018.08.27,1.121,4.792,1.94,0,94.78,1.49,2.299
2018.08.28,1.114,4.804,1.94,1.91488,94.72,1.49,2.303
2018.08.29,1.110,4.802,1.94,1.91538,94.6,1.49,2.309
2018.08.30,1.108,4.836,1.94,1.92,94.72,1.51,2.307
2018.08.31,1.108,4.790,1.96,1.91488,95.14,1.55,2.323
2018.09.03,1.113,4.817,1.94,0,95.14,1.54,2.307
2018.09.04,1.113,4.752,1.94,1.91363,95.44,1.45,2.316
2018.09.05,1.114,4.742,1.94,1.91875,95.18,1.49,2.292
2018.09.06,1.117,4.718,1.93,1.91838,95.02,1.51,2.288
2018.09.07,1.121,4.725,1.93,1.91875,95.36,1.64,2.282
2018.09.10,1.123,4.703,1.95,1.91913,95.15,1.55,2.289
2018.09.11,1.128,4.699,1.95,1.91513,95.25,1.52,2.283
2018.09.12,1.126,4.701,1.95,1.919,94.8,1.51,2.283
2018.09.13,1.127,4.778,1.95,1.91988,94.52,1.52,2.286
2018.09.14,1.121,4.746,1.96,1.91513,94.93,1.51,2.318
2018.09.17,1.119,4.759,1.97,1.91463,94.5,1.51,2.303
2018.09.18,1.126,4.771,1.98,1.91888,94.64,1.51,2.309
2018.09.19,1.126,4.806,1.99,1.91863,94.54,1.51,2.308
2018.09.20,1.123,4.833,2.01,1.91738,93.91,1.55,2.323
2018.09.21,1.119,4.859,2.02,1.92088,94.22,1.6,2.339
2018.09.27,1.116,4.829,2.04,2.17388,94.89,1.59,2.355
2018.09.28,1.112,4.824,2.06,2.17138,95.13,1.65,2.343
2018.10.01,1.110,4.761,2.06,2.17075,95.3,1.55,2.339
2018.10.02,1.110,4.679,2.06,2.17725,95.51,1.51,2.310
2018.10.04,1.116,4.675,2.06,2.16525,95.75,1.5,2.274
2018.10.05,1.128,4.653,2.06,2.17175,95.62,1.5,2.268
2018.10.08,1.130,4.626,2.08,0,95.76,1.47,2.254
2018.10.10,1.131,4.424,2.08,2.172,95.51,1.48,2.229
2018.10.11,1.132,4.496,2.07,2.17225,95.02,1.5,2.130
2018.10.12,1.142,4.461,2.06,2.16938,95.22,1.52,2.162
2018.10.15,1.133,4.455,2.07,2.17725,95.06,1.5,2.145
2018.10.16,1.133,4.511,2.09,2.17638,95.05,1.49,2.145
2018.10.17,1.128,4.467,2.09,2.176,95.58,1.51,2.168
2018.10.18,1.125,4.490,2.09,2.17025,95.9,1.5,2.148
2018.10.19,1.132,4.509,2.08,2.17113,95.71,1.5,2.156
2018.10.22,1.134,4.398,2.08,2.17063,96.01,1.53,2.162
2018.10.23,1.130,4.379,2.09,2.17388,95.96,1.54,2.106
2018.10.24,1.135,4.306,2.09,2.17513,96.43,1.56,2.098
2018.10.25,1.132,4.250,2.1,2.17425,96.68,1.54,2.063
2018.10.26,1.138,4.216,2.11,2.17675,96.36,1.53,2.027
2018.10.29,1.140,4.240,2.11,2.17888,96.58,1.49,1.996
2018.10.30,1.138,4.264,2.1,2.18,97.01,1.49,2.015
2018.10.31,1.140,4.249,2.11,2.173,97.13,1.57,2.030
2018.11.01,1.139,4.400,2.11,2.17538,96.28,1.51,2.024
2018.11.02,1.138,4.360,2.1,2.17463,96.54,1.45,2.096
2018.11.05,1.125,4.380,2.11,2.17525,96.28,1.47,2.077
2018.11.06,1.122,4.368,2.09,2.17663,96.32,1.44,2.090
2018.11.07,1.122,4.391,2.09,2.17725,96,1.48,2.079
2018.11.08,1.120,4.378,2.07,2.17988,96.72,1.48,2.093
2018.11.09,1.118,4.382,2.07,2.175,96.91,1.49,2.086
2018.11.12,1.125,4.346,2.07,0,97.54,1.5,2.080
2018.11.13,1.132,4.331,2.06,2.17788,97.3,1.51,2.071
2018.11.14,1.135,4.377,2.06,2.17575,96.8,1.5,2.068
2018.11.15,1.132,4.376,2.06,2.17938,96.93,1.51,2.088
2018.11.16,1.130,4.383,2.07,2.17538,96.47,1.52,2.092
2018.11.19,1.128,4.333,2.06,2.18075,96.19,1.51,2.101
2018.11.20,1.127,4.313,2.06,2.17288,96.84,1.52,2.083
2018.11.21,1.127,4.305,2.06,2.1805,96.71,1.5,2.077
2018.11.22,1.131,4.280,2.06,0,96.71,1.53,2.070
2018.11.23,1.129,4.339,2.06,2.177,96.92,1.52,2.057
2018.11.26,1.130,4.379,2.06,2.183,97.07,1.52,2.083
2018.11.27,1.129,4.401,2.05,2.1785,97.37,1.49,2.099
2018.11.28,1.129,4.412,2.06,2.1825,96.79,1.48,2.108
2018.11.29,1.128,4.368,2.06,2.18275,96.78,1.49,2.114
2018.11.30,1.121,4.446,2.07,2.1775,97.27,1.76,2.097
2018.12.03,1.120,4.401,2.07,2.18188,97.04,1.74,2.132
2018.12.04,1.113,4.371,2.07,2.17613,96.97,1.68,2.114
2018.12.05,1.109,4.306,2.06,2.17188,97.07,1.73,2.101
2018.12.06,1.113,4.324,2.05,2.18238,96.81,1.71,2.069
2018.12.07,1.117,4.278,2.05,2.18088,96.51,1.75,2.076
2018.12.10,1.118,4.261,2.04,2.182,97.22,1.76,2.054
2018.12.11,1.124,4.325,2.03,2.18213,97.39,1.76,2.053
2018.12.12,1.129,4.335,2.02,2.18475,97.04,1.77,2.083
2018.12.13,1.127,4.267,2.01,2.18438,97.06,1.75,2.096
2018.12.14,1.124,4.281,2.01,2.18475,97.44,1.76,2.069
2018.12.17,1.129,4.262,2.02,2.18125,97.1,1.76,2.071
2018.12.18,1.131,4.302,2.01,2.18025,97.1,1.75,2.062
2018.12.19,1.129,4.259,2,2.18175,97.03,1.75,2.079
2018.12.20,1.125,4.263,1.99,2.38788,96.28,1.77,2.060
2018.12.21,1.128,4.255,1.99,2.39163,96.96,1.78,2.061
2018.12.24,1.123,4.205,2.01,2.38988,96.55,1.77,2.055
2018.12.26,1.125,4.188,2.01,0,97.05,1.78,2.028
2018.12.27,1.125,4.210,2.01,2.391,96.48,1.82,2.028
2018.12.28,1.121,0.000,2.01,2.39238,96.4,1.82,2.041
2018.12.31,1.118,4.149,2.01,2.37825,96.17,1.89,n.ll
2019.01.02,1.118,4.110,2.02,2.38675,96.82,1.83,2.010
2019.01.03,1.119,4.143,1.99,2.39188,96.31,1.77,1.994
2019.01.04,1.127,4.200,1.98,2.394,96.18,1.75,2.010
2019.01.07,1.125,4.171,1.96,2.39275,95.67,1.74,2.037
2019.01.08,1.118,4.266,1.94,2.39125,95.9,1.74,2.025
2019.01.09,1.121,4.266,1.93,2.39075,95.22,1.73,2.065
2019.01.10,1.121,4.290,1.92,2.39413,95.54,1.75,2.063
2019.01.11,1.118,4.250,1.93,2.38938,95.67,1.75,2.076
2019.01.14,1.117,4.336,1.93,2.39013,95.61,1.73,2.065
2019.01.15,1.121,4.361,1.93,2.38675,96.04,1.74,2.097
2019.01.16,1.120,4.373,1.93,2.38488,96.06,1.75,2.106
2019.01.17,1.122,4.404,1.93,2.38463,96.06,1.75,2.107
2019.01.18,1.121,4.403,1.93,2.38388,96.34,1.75,2.124
2019.01.21,1.121,4.382,1.93,0,96.34,1.76,2.125
2019.01.22,1.126,4.398,1.93,2.37563,96.3,1.77,2.118
2019.01.23,1.130,4.447,1.92,2.38413,96.12,1.78,2.128
2019.01.24,1.128,4.528,1.92,2.3845,96.6,1.75,2.145
2019.01.25,1.128,4.524,1.92,2.38475,95.79,1.76,2.178
2019.01.28,1.125,4.551,1.92,2.38488,95.75,1.76,2.177
2019.01.29,1.116,4.608,1.93,2.38438,95.82,1.74,2.183
2019.01.30,1.118,4.595,1.93,2.38388,95.34,1.74,2.206
2019.01.31,1.117,4.595,1.93,2.3835,95.58,1.81,2.205
2019.02.01,1.111,4.594,1.93,2.374,95.58,1.74,2.203
2019.02.07,1.116,4.523,1.93,2.38313,96.51,1.75,2.203
2019.02.08,1.123,4.534,1.94,2.38575,96.64,1.75,2.177
2019.02.11,1.124,4.558,1.93,2.38625,97.06,1.74,2.181
2019.02.12,1.124,4.578,1.93,2.3835,96.71,1.75,2.190
2019.02.13,1.124,4.639,1.93,2.38438,97.13,1.74,2.201
2019.02.14,1.121,4.562,1.94,2.38275,96.98,1.76,2.226
2019.02.15,1.125,4.595,1.94,2.387,96.9,1.77,2.196
2019.02.18,1.127,4.578,1.94,0,96.9,1.78,2.211
2019.02.19,1.124,4.637,1.94,2.378,96.52,1.76,2.206
2019.02.20,1.127,4.637,1.94,2.38463,96.45,1.75,2.230
2019.02.21,1.122,4.641,1.94,2.3825,96.61,1.76,2.229
2019.02.22,1.124,4.644,1.94,2.38788,96.51,1.76,2.231
2019.02.25,1.125,4.626,1.94,2.38863,96.41,1.77,2.233
2019.02.26,1.120,4.640,1.95,2.38863,96,1.76,2.227
2019.02.27,1.118,4.568,1.95,2.38825,96.15,1.77,2.235
2019.02.28,1.117,4.544,1.95,2.38275,96.16,1.8,2.195
2019.03.04,1.119,4.511,1.95,2.38238,96.68,1.76,2.191
2019.03.05,1.125,4.503,1.95,2.39063,96.87,1.77,2.179
2019.03.06,1.125,4.487,1.95,2.39063,96.87,1.75,2.176
2019.03.07,1.127,4.421,1.95,2.38975,97.67,1.76,2.166
2019.03.08,1.128,4.427,1.95,2.38688,97.31,1.78,2.137
2019.03.11,1.134,4.470,1.94,2.39025,97.22,1.77,2.138
2019.03.12,1.134,4.441,1.94,2.39038,96.94,1.76,2.157
2019.03.13,1.128,4.449,1.94,2.39013,96.55,1.78,2.148
2019.03.14,1.131,4.502,1.94,2.39038,96.78,1.75,2.156
2019.03.15,1.132,4.503,1.95,2.39038,96.59,1.73,2.176
2019.03.18,1.136,4.501,1.94,2.38963,96.52,1.76,2.179
2019.03.19,1.133,4.502,1.94,2.39013,96.38,1.74,2.178
2019.03.20,1.130,4.549,1.94,2.38625,95.76,1.74,2.177
2019.03.21,1.130,4.564,1.94,2.38725,96.5,1.74,2.185
2019.03.22,1.125,4.470,1.94,2.389,96.65,1.75,2.187
2019.03.25,1.129,4.467,1.94,2.38938,96.57,1.75,2.145
2019.03.26,1.134,4.463,1.93,2.39388,96.74,1.77,2.149
2019.03.27,1.132,4.428,1.93,2.39213,96.77,1.74,2.146
2019.03.28,1.134,4.451,1.92,2.39275,97.2,1.76,2.128
2019.03.29,1.137,4.515,1.9,2.382,97.28,1.81,2.141
2019.04.01,1.136,4.540,1.88,2.38813,97.23,1.75,2.168
2019.04.02,1.132,4.602,1.88,2.38025,97.36,1.75,2.177
2019.04.03,1.135,4.610,1.87,2.38613,97.09,1.7,2.203
2019.04.04,1.134,4.618,1.87,2.39413,97.31,1.72,2.207
2019.04.05,1.135,4.614,1.87,2.39375,97.39,1.75,2.210
2019.04.08,1.136,4.619,1.87,2.39175,97.05,1.76,2.211
2019.04.09,1.141,4.636,1.87,2.393,97.01,1.77,2.214
2019.04.10,1.142,4.627,1.87,2.3885,96.95,1.75,2.224
2019.04.11,1.141,4.639,1.87,2.3885,97.18,1.78,2.224
2019.04.12,1.139,4.654,1.87,2.39225,96.97,1.76,2.233
2019.04.15,1.140,4.677,1.87,2.39263,96.94,1.77,2.243
2019.04.16,1.133,4.673,1.87,2.38913,97.04,1.76,2.249
2019.04.17,1.135,4.604,1.87,2.38563,97.01,1.73,2.246
2019.04.18,1.136,4.606,1.87,2.39113,97.47,1.72,2.214
2019.04.19,1.136,4.604,1.87,0,97.38,1.75,2.216
2019.04.22,1.137,4.617,1.87,0,97.29,1.74,2.217
2019.04.23,1.140,4.575,1.87,2.40275,97.64,1.75,2.221
2019.04.24,1.141,4.564,1.87,2.39413,98.17,1.73,2.201
2019.04.25,1.146,4.535,1.87,2.39938,98.2,1.73,2.191
2019.04.26,1.158,4.623,1.86,2.4,98.01,1.73,2.179
2019.04.29,1.159,4.591,1.86,2.38975,97.86,1.73,2.216
2019.04.30,1.158,4.612,1.86,2.37913,97.48,1.79,2.204
2019.05.02,1.163,4.576,1.86,2.37313,97.83,1.75,2.213
2019.05.03,1.163,4.541,1.86,2.37788,97.52,1.74,2.196
2019.05.07,1.169,4.523,1.85,2.36313,97.63,1.73,2.177
2019.05.08,1.169,4.375,1.85,2.36275,97.62,1.73,2.168
2019.05.09,1.169,4.388,1.85,2.35888,97.37,1.73,2.102
2019.05.10,1.175,4.337,1.84,2.35638,97.33,1.74,2.108
2019.05.13,1.178,4.332,1.84,2.34513,97.32,1.75,2.079
2019.05.14,1.183,4.350,1.84,2.34338,97.53,1.73,2.082
2019.05.15,1.187,4.292,1.83,2.34913,97.57,1.76,2.093
2019.05.16,1.189,4.265,1.83,2.35938,97.86,1.75,2.068
2019.05.17,1.189,4.277,1.83,2.35575,98,1.74,2.056
2019.05.20,1.192,4.293,1.82,2.35938,97.93,1.76,2.056
2019.05.21,1.192,4.297,1.82,2.35538,98.06,1.73,2.061
2019.05.22,1.193,4.294,1.82,2.3545,98.04,1.73,2.065
2019.05.23,1.194,4.264,1.81,2.35625,97.86,1.74,2.060
2019.05.24,1.191,4.264,1.81,2.3565,97.61,1.73,2.045
2019.05.27,1.189,4.267,1.81,0,97.61,1.75,2.044
2019.05.28,1.184,4.218,1.81,2.35388,97.95,1.75,2.049
2019.05.29,1.187,4.261,1.8,2.356,98.14,1.75,2.023
2019.05.30,1.193,4.258,1.8,2.35775,98.14,1.76,2.039
2019.05.31,1.190,4.329,1.79,2.3545,97.75,1.79,2.042
2019.06.03,1.191,4.318,1.77,2.36075,97.14,1.77,2.068
2019.06.04,1.183,4.320,1.77,2.36,97.07,1.75,2.067
2019.06.05,1.181,4.325,1.77,2.34538,97.32,1.73,2.069
2019.06.07,1.179,4.386,1.76,2.35175,96.54,1.77,2.072
2019.06.10,1.179,4.404,1.75,2.345,96.76,1.75,2.099
2019.06.11,1.184,4.392,1.73,2.35088,96.69,1.75,2.112
2019.06.12,1.181,4.362,1.72,2.35038,97,1.75,2.109
2019.06.13,1.181,4.347,1.7,2.3505,97.01,1.75,2.103
2019.06.14,1.184,4.342,1.69,2.34663,97.57,1.74,2.095
2019.06.17,1.184,4.363,1.69,2.34438,97.56,1.76,2.091
2019.06.18,1.186,4.429,1.69,2.3495,97.64,1.75,2.099
2019.06.19,1.185,4.441,1.69,2.34088,97.12,1.76,2.125
2019.06.20,1.177,4.432,1.68,2.3415,96.63,1.75,2.131
2019.06.21,1.167,4.431,1.68,2.3475,96.22,1.74,2.126
2019.06.24,1.162,4.431,1.68,2.34925,95.98,1.75,2.126
2019.06.25,1.157,4.438,1.68,2.34475,96.14,1.75,2.122
2019.06.26,1.154,4.473,1.68,2.354,96.21,1.76,2.122
2019.06.27,1.158,4.473,1.69,2.35488,96.19,1.77,2.134
2019.06.28,1.156,4.473,1.7,2.37038,96.13,1.83,2.131
2019.07.01,1.156,4.449,1.69,2.35975,96.84,1.75,2.130
2019.07.02,1.155,4.394,1.69,2.35138,96.73,1.73,2.122
2019.07.03,1.164,4.432,1.68,2.35638,96.77,1.73,2.096
2019.07.04,1.170,4.428,1.67,0,96.77,1.73,2.109
2019.07.05,1.169,4.337,1.66,2.34825,97.29,1.73,2.111
2019.07.08,1.170,4.325,1.65,2.35688,97.38,1.73,2.064
2019.07.09,1.178,4.344,1.65,2.35013,97.49,1.69,2.052
2019.07.10,1.179,4.392,1.64,2.35475,97.1,1.74,2.059
2019.07.11,1.181,4.407,1.63,2.359,97.05,1.75,2.081
2019.07.12,1.173,4.411,1.62,2.35913,96.81,1.74,2.087
2019.07.15,1.177,4.434,1.61,2.35713,96.93,1.73,2.082
2019.07.16,1.179,4.396,1.61,2.35663,97.39,1.72,2.092
2019.07.17,1.178,4.381,1.6,2.36275,97.22,1.72,2.073
2019.07.18,1.180,4.444,1.57,2.36063,96.79,1.5,2.067
2019.07.19,1.179,4.444,1.55,2.362,97.15,1.49,2.094
2019.07.22,1.173,4.469,1.52,2.35963,97.26,1.48,2.093
2019.07.23,1.177,4.427,1.51,2.35375,97.7,1.48,2.101
2019.07.24,1.178,4.427,1.49,2.35225,97.73,1.48,2.082
2019.07.25,1.178,4.416,1.48,2.349,97.82,1.5,2.074
2019.07.26,1.179,4.345,1.47,2.35038,98.01,1.51,2.066
2019.07.29,1.184,4.363,1.47,2.34863,98.04,1.5,2.029
2019.07.30,1.183,4.319,1.46,2.347,98.05,1.52,2.039
2019.07.31,1.182,4.311,1.45,2.35163,98.52,1.56,2.025
2019.08.01,1.181,4.266,1.45,2.11225,98.37,1.51,2.017
2019.08.02,1.188,4.176,1.44,2.10425,98.07,1.48,1.998
2019.08.05,1.194,4.115,1.43,2.10513,97.52,1.49,1.947
2019.08.06,1.211,4.094,1.4,2.09713,97.63,1.49,1.918
2019.08.07,1.214,4.097,1.39,2.09938,97.54,1.49,1.910
2019.08.08,1.214,4.136,1.38,2.09525,97.62,1.49,1.921
2019.08.09,1.211,4.141,1.38,2.09538,97.49,1.5,1.938
2019.08.12,1.209,4.100,1.38,2.10275,97.38,1.52,1.942
2019.08.13,1.215,4.133,1.38,2.09825,97.81,1.52,1.926
2019.08.14,1.218,4.118,1.37,2.09213,97.99,1.52,1.938
2019.08.16,1.211,4.135,1.36,2.0985,98.14,1.52,1.927
2019.08.19,1.213,4.181,1.35,2.09538,98.35,1.51,1.940
2019.08.20,1.210,4.187,1.34,2.097,98.19,1.51,1.960
2019.08.21,1.210,4.149,1.34,2.093,98.3,1.51,1.965
2019.08.22,1.204,4.149,1.34,2.09363,98.17,1.52,1.951
2019.08.23,1.205,4.084,1.35,2.08838,97.64,1.53,1.948
2019.08.26,1.212,4.106,1.35,0,98.08,1.53,1.916
2019.08.27,1.218,4.139,1.35,2.09575,98,1.53,1.925
2019.08.28,1.213,4.120,1.36,2.08663,98.21,1.51,1.941
2019.08.29,1.213,4.198,1.37,2.095,98.51,1.51,1.933
2019.08.30,1.215,4.200,1.37,2.08963,98.92,1.54,1.968
2019.09.02,1.209,4.184,1.37,0,98.92,1.5,1.969
2019.09.03,1.211,4.238,1.4,2.09063,99,1.5,1.966
2019.09.04,1.215,4.284,1.41,2.09125,98.45,1.49,1.989
2019.09.05,1.209,4.303,1.44,2.09763,98.41,1.5,2.005
2019.09.06,1.199,4.334,1.46,2.09475,98.39,1.53,2.009
2019.09.09,1.196,4.353,1.47,2.09388,98.28,1.56,2.020
2019.09.10,1.192,4.385,1.47,2.0925,98.33,1.51,2.032
2019.09.11,1.191,4.400,1.47,2.0945,98.64,1.49,2.049
2019.09.16,1.191,4.393,1.48,2.11163,98.61,1.52,2.062
2019.09.17,1.184,4.416,1.5,2.15488,98.26,1.52,2.062
2019.09.18,1.188,4.443,1.5,2.18525,98.56,1.5,2.071
2019.09.19,1.190,4.468,1.51,1.96213,98.27,1.5,2.080
2019.09.20,1.195,4.472,1.51,1.8685,98.51,1.51,2.092
2019.09.23,1.191,4.496,1.52,1.8475,98.6,1.51,2.092
2019.09.24,1.193,4.441,1.52,1.842,98.34,1.51,2.101
2019.09.25,1.194,4.448,1.52,1.84075,99.04,1.53,2.073
2019.09.26,1.198,4.392,1.53,1.82988,99.13,1.53,2.075
2019.09.27,1.199,4.426,1.53,1.82713,99.11,1.54,2.050
2019.09.30,1.201,4.441,1.53,1.8215,99.38,1.58,2.063
2019.10.01,1.199,4.347,1.53,1.82613,99.13,1.55,2.072
2019.10.02,1.198,4.329,1.53,1.85125,99.02,1.51,2.032
2019.10.04,1.203,4.336,1.51,1.82075,98.81,1.52,2.021
2019.10.07,1.197,4.391,1.48,1.80825,98.97,1.46,2.022
2019.10.08,1.196,4.350,1.47,1.8055,99.13,1.48,2.046
2019.10.10,1.194,4.394,1.47,1.79263,98.7,1.51,2.028
2019.10.11,1.196,4.437,1.47,1.79888,98.3,1.55,2.045
2019.10.14,1.189,4.437,1.47,0,98.45,1.53,2.067
2019.10.15,1.183,4.468,1.47,1.79513,98.29,1.52,2.068
2019.10.16,1.184,4.454,1.44,1.82575,98,1.28,2.083
2019.10.17,1.187,4.406,1.42,1.83813,97.61,1.25,2.078
2019.10.18,1.186,4.423,1.44,1.81513,97.28,1.25,2.061
2019.10.21,1.180,4.482,1.44,1.81113,97.33,1.25,2.065
2019.10.22,1.175,4.464,1.45,1.81288,97.53,1.24,2.089
2019.10.23,1.171,4.477,1.45,1.814,97.49,1.24,2.081
2019.10.24,1.173,4.481,1.46,1.80275,97.63,1.23,2.086
2019.10.25,1.171,4.490,1.47,1.806,97.83,1.24,2.088
2019.10.28,1.174,4.489,1.5,1.80163,97.76,1.24,2.094
2019.10.29,1.169,4.458,1.54,1.801,97.69,1.24,2.093
2019.10.30,1.166,4.464,1.54,1.80438,97.65,1.26,2.080
2019.10.31,1.168,4.510,1.53,1.59988,97.35,1.29,2.083
2019.11.01,1.161,4.570,1.53,1.59213,97.24,1.25,2.100
2019.11.04,1.167,4.602,1.54,1.55088,97.5,1.25,2.130
2019.11.05,1.160,4.599,1.56,1.54713,97.98,1.25,2.143
2019.11.06,1.160,4.596,1.56,1.5365,97.95,1.24,2.144
2019.11.07,1.157,4.578,1.57,1.54363,98.14,1.26,2.144
2019.11.08,1.160,4.541,1.57,1.53863,98.35,1.28,2.137
2019.11.11,1.156,4.585,1.58,0,98.2,1.3,2.124
2019.11.12,1.161,4.546,1.59,1.53925,98.31,1.32,2.141
2019.11.13,1.163,4.593,1.6,1.539,98.37,1.32,2.122
2019.11.14,1.167,4.646,1.6,1.527,98.16,1.3,2.139
2019.11.15,1.170,4.647,1.61,1.53675,98,1.3,2.162
2019.11.18,1.166,4.634,1.62,1.53538,97.79,1.3,2.161
2019.11.19,1.164,4.572,1.62,1.53688,97.86,1.29,2.153
2019.11.20,1.168,4.510,1.62,1.529,97.93,1.3,2.125
2019.11.21,1.170,4.527,1.62,1.54138,97.99,1.29,2.097
2019.11.22,1.176,4.571,1.63,1.53388,98.27,1.29,2.102
2019.11.25,1.177,4.562,1.62,1.53613,98.32,1.27,2.124
2019.11.26,1.176,4.577,1.62,1.538,98.25,1.27,2.121
2019.11.27,1.174,4.554,1.62,1.53963,98.37,1.26,2.128
2019.11.28,1.176,4.481,1.62,0,98.37,1.25,2.119
2019.11.29,1.179,4.493,1.62,1.5425,98.27,1.28,2.088
2019.12.02,1.180,4.473,1.6,1.54063,97.86,1.25,2.092
2019.12.03,1.180,4.441,1.6,1.5385,97.74,1.24,2.084
2019.12.04,1.186,4.427,1.59,1.5295,97.65,1.24,2.069
2019.12.05,1.193,4.478,1.58,1.52938,97.41,1.25,2.061
2019.12.06,1.190,4.505,1.58,1.52913,97.7,1.24,2.082
2019.12.09,1.189,4.523,1.58,1.53663,97.64,1.26,2.089
2019.12.10,1.189,4.536,1.58,1.529,97.41,1.28,2.098
2019.12.11,1.192,4.614,1.58,1.52538,97.08,1.26,2.106
2019.12.12,1.193,4.696,1.57,1.53375,97.4,1.3,2.137
2019.12.13,1.188,4.690,1.57,1.52988,97.17,1.3,2.170
2019.12.16,1.171,4.765,1.57,1.53063,97.02,1.29,2.168
2019.12.17,1.172,4.764,1.56,1.53563,97.22,1.28,2.196
2019.12.18,1.166,4.768,1.56,1.5335,97.4,1.28,2.195
2019.12.19,1.165,4.785,1.56,1.534,97.38,1.29,2.197
2019.12.20,1.164,4.776,1.56,1.53663,97.69,1.28,2.204
2019.12.23,1.162,4.744,1.56,1.5345,97.66,1.29,2.204
2019.12.24,1.161,4.765,1.56,1.53313,97.65,1.3,2.190
2019.12.26,1.163,4.776,1.56,0,97.53,1.31,2.198
2019.12.27,1.161,4.750,1.56,1.53625,96.92,1.31,2.204
2019.12.30,1.160,0.000,1.55,1.53438,96.74,1.31,2.198
2019.12.31,1.157,4.694,1.55,1.54263,96.39,1.39,n.ll
2020.01.02,1.157,4.700,1.54,1.5405,96.85,1.3,2.175
2020.01.03,1.156,4.666,1.52,1.53675,96.84,1.27,2.176
2020.01.06,1.162,4.714,1.5,1.537,96.67,1.29,2.155
2020.01.07,1.169,4.687,1.48,1.52788,97,1.27,2.176
2020.01.08,1.165,4.761,1.47,1.5325,97.3,1.25,2.151
2020.01.09,1.174,4.801,1.47,1.527,97.45,1.28,2.186
2020.01.10,1.160,4.850,1.47,1.53313,97.36,1.28,2.206
2020.01.13,1.161,4.875,1.48,1.53513,97.34,1.29,2.229
2020.01.14,1.155,4.844,1.48,1.53125,97.37,1.27,2.239
2020.01.15,1.153,4.891,1.48,1.52838,97.23,1.27,2.231
2020.01.16,1.158,4.900,1.48,1.53563,97.32,1.27,2.248
2020.01.17,1.159,4.938,1.49,1.53113,97.64,1.28,2.251
2020.01.20,1.158,4.883,1.49,0,97.61,1.28,2.263
2020.01.21,1.158,4.948,1.5,1.53925,97.53,1.29,2.240
2020.01.22,1.164,4.886,1.49,1.53263,97.53,1.28,2.267
2020.01.23,1.165,4.732,1.49,1.53163,97.69,1.28,2.246
2020.01.28,1.167,4.754,1.48,1.533,98.02,1.26,2.177
2020.01.29,1.176,4.668,1.47,1.52963,97.99,1.25,2.185
2020.01.30,1.176,4.608,1.46,1.54388,97.87,1.24,2.148
2020.01.31,1.183,4.614,1.45,1.56875,97.39,1.25,2.119
2020.02.03,1.187,4.706,1.43,1.568,97.8,1.22,2.119
2020.02.04,1.196,4.728,1.42,1.5655,97.96,1.22,2.158
2020.02.05,1.189,4.864,1.42,1.57513,98.3,1.23,2.166
2020.02.06,1.188,4.827,1.42,1.572,98.5,1.23,2.228
2020.02.07,1.181,4.794,1.41,1.57738,98.68,1.22,2.212
2020.02.10,1.187,4.848,1.4,1.57463,98.83,1.24,2.201
2020.02.11,1.189,4.884,1.38,1.57125,98.72,1.26,2.223
2020.02.12,1.184,4.877,1.38,1.57413,99.05,1.26,2.238
2020.02.13,1.179,4.908,1.38,1.57338,99.07,1.26,2.233
2020.02.14,1.181,4.906,1.37,1.57613,99.12,1.24,2.244
2020.02.17,1.183,4.829,1.38,0,99,1.24,2.242
2020.02.18,1.182,4.841,1.38,1.56338,99.44,1.23,2.209
2020.02.19,1.188,4.817,1.36,1.57688,99.7,1.24,2.210
2020.02.20,1.190,4.751,1.36,1.56713,99.86,1.23,2.196
2020.02.21,1.197,4.569,1.34,1.57025,99.26,1.23,2.163
2020.02.24,1.205,4.615,1.31,1.5755,99.36,1.24,2.079
2020.02.25,1.217,4.544,1.29,1.569,98.97,1.25,2.104
2020.02.26,1.212,4.496,1.29,1.5715,99,1.25,2.077
2020.02.27,1.216,4.346,1.28,1.574,98.51,1.23,2.055
2020.02.28,1.215,4.384,1.29,1.56775,98.13,1.26,1.987
2020.03.02,1.215,4.401,1.27,1.57463,97.36,1.26,2.003
2020.03.03,1.200,4.504,1.28,1.57563,97.15,1.26,2.014
2020.03.04,1.191,4.554,1.27,1.08775,97.34,1.25,2.059
2020.03.05,1.186,4.454,1.23,1.08213,96.82,1.25,2.085
2020.03.06,1.185,4.255,1.23,1.07975,95.95,1.24,2.040
2020.03.09,1.191,4.281,1.22,1.08113,94.89,1.26,1.955
2020.03.10,1.201,4.164,1.21,1.082,96.41,1.25,1.963
2020.03.11,1.196,4.012,1.21,1.084,96.51,1.24,1.908
2020.03.12,1.192,3.901,1.21,1.08663,97.47,1.25,1.834
2020.03.13,1.202,3.770,1.22,1.08488,98.75,1.25,1.771
2020.03.16,1.222,3.669,1.23,0.23925,98.07,1.27,1.715
2020.03.17,1.219,3.491,1.15,0.25813,99.58,0.76,1.672
2020.03.18,1.241,3.225,1.1,0.37988,101.16,0.73,1.591
2020.03.19,1.237,3.459,1.1,0.29825,102.99,0.72,1.458
2020.03.20,1.280,3.270,1.15,0.21188,102.82,0.73,1.566
2020.03.23,1.254,3.573,1.16,0.2065,102.49,0.73,1.482
2020.03.24,1.274,3.781,1.22,0.17813,102.04,0.72,1.610
2020.03.25,1.256,3.716,1.25,0.20125,101.05,0.73,1.705
2020.03.26,1.230,3.794,1.28,0.14988,99.35,0.73,1.686
2020.03.27,1.227,3.770,1.3,0.13625,98.36,0.75,1.718
2020.03.30,1.212,3.841,1.32,0.12088,99.18,0.76,1.717
2020.03.31,1.222,3.661,1.33,0.119,99.05,0.8,1.755
2020.04.01,1.220,3.752,1.3,0.10875,99.67,0.76,1.685
2020.04.02,1.222,3.747,1.28,0.08588,100.18,0.74,1.725
2020.04.03,1.237,3.895,1.25,0.07663,100.58,0.73,1.725
2020.04.06,1.229,3.957,1.21,0.0745,100.68,0.75,1.792
2020.04.07,1.233,3.908,1.19,0.077,99.9,0.74,1.824
2020.04.08,1.222,3.969,1.17,0.07188,100.12,0.73,1.807
2020.04.09,1.219,4.004,1.15,0.06775,99.52,0.73,1.836
2020.04.10,1.216,3.929,1.13,#N/A,99.52,0.73,1.861
2020.04.13,1.212,3.995,1.13,#N/A,99.35,0.75,1.826
2020.04.14,1.218,3.991,1.13,0.07163,98.89,0.74,1.857
2020.04.16,1.216,4.117,1.13,0.067,100.03,0.73,1.857
2020.04.17,1.227,4.068,1.13,0.067,99.78,0.74,1.915
2020.04.20,1.219,4.025,1.14,0.06463,99.96,0.75,1.898
2020.04.21,1.218,4.068,1.14,0.06313,100.26,0.75,1.879
2020.04.22,1.231,4.097,1.14,0.0635,100.39,0.74,1.896
2020.04.23,1.235,4.041,1.14,0.05825,100.43,0.74,1.915
2020.04.24,1.232,4.118,1.13,0.05675,100.38,0.74,1.889
2020.04.27,1.235,4.142,1.12,0.056,100.04,0.73,1.923
2020.04.28,1.230,4.173,1.12,0.05075,99.86,0.73,1.934
2020.04.29,1.225,4.052,1.12,0.05488,99.57,0.76,1.948
2020.05.04,1.218,4.123,1.12,0.05725,99.48,0.71,1.895
2020.05.06,1.227,4.118,1.12,0.0625,100.09,0.72,1.929
2020.05.07,1.223,4.157,1.11,0.061,99.89,0.71,1.929
2020.05.08,1.226,4.127,1.1,0,99.73,0.72,1.946
2020.05.11,1.217,4.103,1.09,0.06163,100.24,0.73,1.935
2020.05.12,1.217,4.142,1.08,0.06063,99.93,0.73,1.922
2020.05.13,1.226,4.109,1.07,0.061,100.24,0.72,1.940
2020.05.14,1.226,4.111,1.06,0.0615,100.47,0.72,1.925
2020.05.15,1.227,4.132,1.05,0.062,100.4,0.71,1.927
2020.05.18,1.229,4.235,1.04,0.05975,99.67,0.71,1.937
2020.05.19,1.231,4.255,1.03,0.06038,99.37,0.73,1.981
2020.05.20,1.224,4.272,1.02,0.06238,99.12,0.72,1.990
2020.05.21,1.227,4.209,1.01,0.06113,99.37,0.73,1.998
2020.05.22,1.230,4.263,1.01,0.06075,99.86,0.72,1.970
2020.05.25,1.236,4.339,1,0,99.86,0.72,1.995
2020.05.26,1.242,4.335,0.99,0.06025,98.91,0.72,2.030
2020.05.27,1.237,4.351,0.98,0.06163,99.06,0.74,2.031
2020.05.28,1.233,4.351,0.93,0.063,98.38,0.49,2.029
2020.05.29,1.239,4.432,0.88,0.0615,98.34,0.49,2.030
2020.06.01,1.237,4.478,0.84,0.062,97.83,0.49,2.065
2020.06.02,1.227,4.631,0.83,0.065,97.67,0.47,2.087
2020.06.03,1.224,4.639,0.82,0.06188,97.28,0.47,2.147
2020.06.04,1.216,4.702,0.84,0.05975,96.68,0.46,2.151
2020.06.05,1.217,4.704,0.85,0.0625,96.94,0.47,2.182
2020.06.08,1.213,4.706,0.85,0.06075,96.62,0.46,2.184
2020.06.09,1.204,4.717,0.86,0.063,96.32,0.5,2.189
2020.06.10,1.197,4.664,0.86,0.06325,95.96,0.49,2.196
2020.06.11,1.194,4.556,0.86,0.0655,96.73,0.49,2.177
2020.06.12,1.192,4.332,0.87,0.06613,97.32,0.46,2.132
2020.06.15,1.206,4.571,0.88,0.06975,96.71,0.46,2.031
2020.06.16,1.210,4.581,0.9,0.07163,96.96,0.46,2.138
2020.06.17,1.206,4.558,0.91,0.0755,97.16,0.47,2.141
2020.06.18,1.214,4.586,0.92,0.07638,97.42,0.46,2.133
2020.06.19,1.213,4.562,0.92,0.07525,97.62,0.46,2.141
2020.06.22,1.212,4.578,0.91,0.06988,97.04,0.47,2.127
2020.06.23,1.213,4.655,0.9,0.07113,96.65,0.47,2.131
2020.06.24,1.210,4.537,0.89,0.07425,97.15,0.48,2.162
2020.06.25,1.202,4.596,0.89,0.07563,97.43,0.47,2.112
2020.06.26,1.205,4.508,0.89,0.07113,97.43,0.5,2.135
2020.06.29,1.198,4.539,0.89,0.08175,97.54,0.49,2.093
2020.06.30,1.200,4.548,0.89,0.08088,97.39,0.57,2.108
2020.07.01,1.198,4.605,0.88,0.07663,97.2,0.48,2.107
2020.07.02,1.201,4.638,0.86,0.08288,97.32,0.47,2.135
2020.07.03,1.201,4.713,0.84,0.08288,97.17,0.5,2.152
2020.07.06,1.200,4.654,0.84,0.08288,96.72,0.49,2.188
2020.07.07,1.196,4.643,0.84,0.083,96.88,0.45,2.164
2020.07.08,1.192,4.667,0.83,0.08288,96.43,0.48,2.159
2020.07.09,1.195,4.631,0.83,0.08175,96.7,0.48,2.168
2020.07.10,1.194,4.707,0.82,0.08138,96.65,0.49,2.150
2020.07.13,1.202,4.699,0.82,0.082,96.46,0.5,2.186
2020.07.14,1.200,4.740,0.82,0.0775,96.26,0.48,2.184
2020.07.15,1.206,4.691,0.81,0.08425,96.08,0.47,2.202
2020.07.16,1.200,4.730,0.81,0.08675,96.35,0.49,2.184
2020.07.17,1.204,4.711,0.81,0.08563,95.94,0.46,2.201
2020.07.20,1.205,4.774,0.81,0.0855,95.83,0.44,2.198
2020.07.21,1.203,4.750,0.8,0.08525,95.12,0.46,2.229
2020.07.22,1.198,4.725,0.79,0.08588,94.99,0.45,2.229
2020.07.23,1.193,4.694,0.79,0.08563,94.69,0.46,2.216
2020.07.24,1.198,4.735,0.78,0.08488,94.43,0.48,2.200
2020.07.27,1.201,4.839,0.78,0.08513,93.67,0.49,2.218
2020.07.28,1.196,4.858,0.78,0.08475,93.7,0.47,2.257
2020.07.29,1.195,4.871,0.78,0.08413,93.45,0.48,2.263
2020.07.30,1.195,4.833,0.78,0.085,93.02,0.49,2.267
2020.07.31,1.191,4.845,0.78,0.08725,93.35,0.51,2.249
2020.08.03,1.189,4.898,0.77,0.08425,93.54,0.51,2.251
2020.08.04,1.193,4.960,0.77,0.089,93.38,0.5,2.280
2020.08.05,1.193,5.036,0.77,0.08338,92.87,0.48,2.312
2020.08.06,1.190,5.059,0.77,0.08575,92.79,0.49,2.343
2020.08.07,1.184,5.128,0.77,0.08513,93.43,0.5,2.352
2020.08.10,1.185,5.198,0.77,0.086,93.58,0.47,2.386
2020.08.11,1.186,5.219,0.78,0.08525,93.63,0.47,2.419
2020.08.12,1.184,5.235,0.78,0.08538,93.44,0.49,2.432
2020.08.13,1.186,5.167,0.79,0.08488,93.33,0.49,2.438
2020.08.14,1.183,5.062,0.79,0.0855,93.1,0.52,2.407
2020.08.18,1.185,5.067,0.8,0.08363,92.27,0.52,2.348
2020.08.19,1.185,4.872,0.8,0.08463,92.89,0.51,2.361
2020.08.20,1.182,4.953,0.8,0.083,92.79,0.5,2.274
2020.08.21,1.186,5.007,0.8,0.08175,93.25,0.53,2.305
2020.08.24,1.185,5.079,0.82,0.08175,93.3,0.53,2.330
2020.08.25,1.190,5.094,0.82,0.08138,93.02,0.52,2.367
2020.08.26,1.186,5.054,0.83,0.08175,93.01,0.53,2.369
2020.08.27,1.187,5.066,0.84,0.082,93,0.5,2.344
2020.08.28,1.185,4.969,0.84,0.08088,92.37,0.49,2.354
2020.08.31,1.185,5.015,0.86,0,92.14,0.55,2.326
2020.09.01,1.183,5.040,0.87,0.08125,92.34,0.52,2.350
2020.09.02,1.184,5.108,0.88,0.0825,92.85,0.49,2.364
2020.09.03,1.186,5.032,0.88,0.08238,92.74,0.48,2.396
2020.09.04,1.187,5.053,0.89,0.08163,92.72,0.48,2.368
2020.09.07,1.190,5.113,0.9,0,92.72,0.49,2.384
2020.09.08,1.187,5.058,0.91,0.07938,93.44,0.43,2.402
2020.09.09,1.187,5.103,0.91,0.08213,93.25,0.48,2.376
2020.09.10,1.189,5.100,0.91,0.08413,93.34,0.47,2.396
2020.09.11,1.185,5.167,0.91,0.083,93.33,0.49,2.397
2020.09.14,1.188,5.208,0.91,0.08388,93.05,0.47,2.428
2020.09.15,1.184,5.193,0.9,0.08325,93.05,0.46,2.444
2020.09.16,1.180,5.127,0.89,0.0825,93.21,0.46,2.436
2020.09.17,1.177,5.142,0.89,0.08225,92.97,0.46,2.406
2020.09.18,1.175,5.096,0.9,0.08313,92.93,0.47,2.412
2020.09.21,1.163,4.975,0.91,0.0825,93.66,0.46,2.389
2020.09.22,1.160,4.985,0.91,0.08263,93.99,0.49,2.333
2020.09.23,1.163,4.857,0.92,0.08038,94.39,0.47,2.333
2020.09.24,1.164,4.873,0.92,0.08075,94.35,0.49,2.273
2020.09.25,1.170,4.934,0.92,0.08013,94.64,0.48,2.279
2020.09.28,1.170,4.972,0.92,0.08163,94.28,0.48,2.308
2020.09.29,1.173,5.037,0.92,0.08175,93.89,0.55,2.328
2020.10.05,1.169,5.055,0.92,0.08138,93.51,0.47,2.358
2020.10.06,1.163,5.099,0.92,0.0815,93.69,0.46,2.366
2020.10.07,1.160,5.102,0.92,0.08175,93.63,0.48,2.387
2020.10.08,1.162,5.122,0.91,0.08263,93.61,0.53,2.392
2020.10.12,1.156,5.125,0.91,0,93.07,0.54,2.404
2020.10.13,1.148,5.073,0.91,0.08,93.53,0.54,2.403
2020.10.14,1.149,5.027,0.9,0.08088,93.38,0.5,2.380
2020.10.15,1.145,4.994,0.9,0.08125,93.86,0.47,2.361
2020.10.16,1.144,4.998,0.9,0.08113,93.68,0.47,2.342
2020.10.19,1.145,5.028,0.89,0.08088,93.43,0.48,2.347
2020.10.20,1.142,5.043,0.89,0.08038,93.07,0.49,2.358
2020.10.21,1.139,5.008,0.89,0.08063,92.61,0.52,2.371
2020.10.22,1.133,5.022,0.89,0.08413,92.95,0.53,2.355
2020.10.23,1.134,4.995,0.89,0.08138,92.77,0.55,2.361
2020.10.26,1.134,4.976,0.89,0.08063,93.04,0.56,2.344
2020.10.27,1.129,5.007,0.89,0.08163,92.94,0.56,2.331
2020.10.28,1.127,4.966,0.89,0.08025,93.4,0.49,2.345
2020.10.29,1.129,4.826,0.89,0.081,93.96,0.48,2.327
2020.10.30,1.133,4.896,0.89,0.08138,94.04,0.52,2.267
2020.11.02,1.130,4.990,0.89,0.08113,94.13,0.48,2.300
2020.11.03,1.134,5.027,0.91,0.082,93.55,0.47,2.343
2020.11.04,1.134,5.147,0.91,0.0815,93.41,0.46,2.357
2020.11.05,1.136,5.158,0.91,0.08138,92.53,0.46,2.414
2020.11.06,1.130,5.212,0.91,0.08263,92.23,0.51,2.417
2020.11.09,1.124,5.199,0.91,0.08113,92.72,0.5,2.447
2020.11.10,1.115,5.276,0.91,0.08488,92.75,0.49,2.453
2020.11.11,1.115,5.249,0.91,0,93.04,0.48,2.486
2020.11.12,1.112,5.299,0.91,0.0815,92.96,0.48,2.476
2020.11.13,1.113,5.409,0.91,0.08325,92.75,0.48,2.494
2020.11.16,1.115,5.398,0.9,0.08363,92.64,0.48,2.543
2020.11.17,1.108,5.409,0.9,0.08213,92.42,0.49,2.539
2020.11.18,1.106,5.421,0.9,0.08225,92.32,0.48,2.546
2020.11.19,1.105,5.424,0.9,0.08238,92.29,0.49,2.547
2020.11.20,1.112,5.539,0.9,0.08263,92.39,0.49,2.554
2020.11.23,1.114,5.567,0.9,0.082,92.5,0.51,2.603
2020.11.24,1.112,5.549,0.91,0.08013,92.23,0.52,2.618
2020.11.25,1.111,5.616,0.92,0.08,91.99,0.51,2.602
2020.11.26,1.107,5.628,0.93,0,91.99,0.53,2.626
2020.11.27,1.105,5.524,0.94,0.08025,91.79,0.52,2.633
2020.11.30,1.104,5.636,0.93,0.085,91.87,0.6,2.591
2020.12.01,1.104,5.744,0.93,0.0805,91.31,0.51,2.634
2020.12.02,1.107,5.809,0.93,0.0815,91.12,0.48,2.676
2020.12.03,1.103,5.916,0.93,0.08275,90.71,0.48,2.696
2020.12.04,1.098,5.968,0.93,0.08325,90.7,0.48,2.731
2020.12.07,1.086,5.838,0.93,0.08288,90.79,0.46,2.745
2020.12.08,1.082,5.964,0.92,0.0825,90.96,0.45,2.701
2020.12.09,1.084,5.933,0.92,0.08263,91.09,0.48,2.755
2020.12.10,1.083,5.975,0.92,0.08288,90.82,0.49,2.746
2020.12.11,1.086,5.967,0.92,0.08325,90.98,0.5,2.770
2020.12.14,1.089,5.953,0.92,0.0825,90.71,0.5,2.762
2020.12.15,1.090,5.977,0.92,0.082,90.47,0.49,2.757
2020.12.16,1.093,5.969,0.91,0.08125,90.45,0.49,2.772
2020.12.17,1.092,5.957,0.91,0.08538,89.82,0.48,2.770
2020.12.18,1.092,5.971,0.91,0.08438,90.02,0.48,2.772
2020.12.21,1.097,5.878,0.91,0.08463,90.04,0.51,2.779
2020.12.22,1.101,5.959,0.91,0.08513,90.65,0.52,2.734
2020.12.23,1.106,6.068,0.91,0.08563,90.41,0.56,2.760
2020.12.24,1.108,6.072,0.91,0.081,90.32,0.55,2.807
2020.12.28,1.103,6.111,0.92,0,90.34,0.55,2.809
2020.12.29,1.098,6.224,0.93,0.08738,89.99,0.54,2.821
2020.12.30,1.093,0.000,0.94,0.08563,89.68,0.57,2.873
2020.12.31,1.088,6.381,0.94,0.07763,89.94,0.61,n.ll
2021.01.04,1.088,6.479,0.94,0.08463,89.87,0.53,2.944
2021.01.05,1.083,6.419,0.91,0.08638,89.44,0.48,2.991
2021.01.06,1.086,6.568,0.89,0.0865,89.53,0.48,2.968
2021.01.07,1.086,6.881,0.88,0.08675,89.83,0.49,3.032
2021.01.08,1.087,6.899,0.87,0.08675,90.1,0.48,3.152
2021.01.11,1.094,6.839,0.87,0.08688,90.46,0.51,3.148
2021.01.12,1.097,6.889,0.86,0.08588,90.09,0.48,3.126
2021.01.13,1.099,6.860,0.86,0.086,90.36,0.49,3.148
2021.01.14,1.095,6.695,0.86,0.08675,90.24,0.49,3.150
2021.01.15,1.100,6.541,0.86,0.08663,90.77,0.5,3.086
2021.01.18,1.097,6.712,0.86,0,90.76,0.51,3.014
2021.01.19,1.104,6.760,0.86,0.08513,90.5,0.48,3.093
2021.01.20,1.102,6.853,0.86,0.08663,90.47,0.48,3.115
2021.01.21,1.100,6.805,0.86,0.087,90.13,0.48,3.161
2021.01.22,1.099,6.967,0.87,0.08625,90.24,0.49,3.141
2021.01.25,1.102,6.797,0.87,0.08463,90.39,0.48,3.209
2021.01.26,1.103,6.756,0.88,0.08375,90.17,0.51,3.140
2021.01.27,1.103,6.646,0.88,0.08288,90.65,0.45,3.123
2021.01.28,1.104,6.453,0.88,0.07925,90.46,0.46,3.069
2021.01.29,1.114,6.647,0.88,0.07875,90.58,0.52,2.976
2021.02.01,1.117,6.727,0.88,0.07925,90.98,0.49,3.057
2021.02.02,1.118,6.793,0.88,0.08113,91.2,0.47,3.097
2021.02.03,1.116,6.684,0.88,0.08288,91.17,0.45,3.130
2021.02.04,1.114,6.768,0.88,0.083,91.53,0.47,3.088
2021.02.05,1.116,6.682,0.87,0.08288,91.04,0.46,3.121
2021.02.08,1.124,6.664,0.87,0.08125,90.93,0.48,3.091
2021.02.09,1.119,6.701,0.87,0.07988,90.44,0.49,3.085
2021.02.10,1.116,6.816,0.87,0.07988,90.37,0.49,3.101
2021.02.15,1.110,6.841,0.87,0,90.48,0.49,3.147
2021.02.16,1.103,6.764,0.87,0.0815,90.51,0.5,3.163
2021.02.17,1.099,6.653,0.87,0,90.95,0.47,3.134
2021.02.18,1.107,6.712,0.87,0,90.59,0.49,3.087
2021.02.19,1.105,6.636,0.86,0,90.36,0.51,3.108
2021.02.22,1.107,6.607,0.86,0,90.01,0.5,3.080
2021.02.23,1.106,"6,607",0.86,0,90.17,0.49,3.070